,code,location,taken_at,tag,accessibility_caption,comment_count,like_count
0,CgLgXHlLrL-,,2022-07-19 13:04:30,"['#자매', '#여행', '#제주도', '#제주도여행', '#애월', '#제주바다', '#푸르르다', '#힐링', '#때리고싶은', '#덩생이랑', '#말안들어', '#감히']",,0.0,0
1,CgLgQlyBQ8i,"{'pk': 831735922, 'short_name': 'Jeju Island', 'facebook_places_id': 215037105231350, 'external_source': 'facebook_places', 'name': 'Jeju Island, Korea', 'address': '', 'city': 'Seogwipo', 'has_viewer_saved': False, 'lng': 126.40387297945, 'lat': 33.261123166693, 'is_eligible_for_guides': True}",2022-07-19 13:03:37,[],,2.0,10
2,CgLgG_DPZyi,,2022-07-19 13:02:18,[],,1.0,1
3,CgLgEVAJfCx,,2022-07-19 13:01:56,"['#초복', '#노티드', '#노티드도넛', '#제주스타벅스', '#제주스타벅스한정메뉴', '#리유저블컵', '#제주도', '#제주도여행', '#제주도맛집', '#제주도카페', '#제주도숙소', '#제주도펜션', '#제주도가볼만한곳', '#제주도핫플레이스', '#제주도한달살기', '#제주도호텔', '#제주도카페추천', '#제주도그램', '#제주도여행코스', '#제주도먹방', '#제주도흑돼지맛집', '#제주도풀빌라', '#제주도가족스냅', '#제주도', '#셀카', '#셀피', '#데일리', '#일상', '#일상그램']","Photo by 김가빈 on July 18, 2022. May be an image of hot pot.",0.0,2
4,CgLf4gFPME6,"{'pk': 103340351516391, 'short_name': '아르떼뮤지엄 Arte Museum', 'facebook_places_id': 103340351516391, 'external_source': 'facebook_places', 'name': '아르떼뮤지엄 Arte Museum', 'address': '어림비로 478', 'city': '', 'has_viewer_saved': False, 'lng': 126.34472942538, 'lat': 33.396475575184, 'is_eligible_for_guides': True}",2022-07-19 13:00:19,[],,2.0,10
5,CgLf2N8rRk-,,2022-07-19 13:00:01,[],"Photo by ㅂㅏㄷㅏㅇㅎㅏㄴㄱㅡㄹㅡㅅ on July 18, 2022. May be an image of food and indoor.",1.0,79
6,CgLf1Dzhwgm,,2022-07-19 12:59:51,[],,2.0,4
7,CgLfzTOB7vR,"{'pk': 831735922, 'short_name': 'Jeju Island', 'facebook_places_id': 215037105231350, 'external_source': 'facebook_places', 'name': 'Jeju Island, Korea', 'address': '', 'city': 'Seogwipo', 'has_viewer_saved': False, 'lng': 126.40387297945, 'lat': 33.261123166693, 'is_eligible_for_guides': True}",2022-07-19 12:59:37,[],,2.0,18
8,CgLfm_yBIXU,"{'pk': 305526863199090, 'short_name': '여미지제주관광식물원', 'facebook_places_id': 305526863199090, 'external_source': 'facebook_places', 'name': '여미지제주관광식물원', 'address': '대포동 811 ', 'city': 'Seogwipo', 'has_viewer_saved': False, 'lng': 126.433976, 'lat': 33.24751, 'is_eligible_for_guides': True}",2022-07-19 12:57:56,[],,2.0,2
9,CgLfcLkrNOE,"{'pk': 1034201595, 'short_name': 'Hidden Cliff / 히든 클리프', 'facebook_places_id': 1030899530319448, 'external_source': 'facebook_places', 'name': 'Hidden Cliff / 히든 클리프', 'address': '542, Yeraehaean-ro, Seogwipo-si', 'city': '제주도 제주', 'has_viewer_saved': False, 'lng': 126.40276544908, 'lat': 33.25456901255, 'is_eligible_for_guides': True}",2022-07-19 12:56:27,[],,2.0,7
10,CgLfbFJl9KU,"{'pk': 646715785367196, 'short_name': '가파도', 'facebook_places_id': 646715785367196, 'external_source': 'facebook_places', 'name': '가파도', 'address': '', 'city': '', 'has_viewer_saved': False, 'lng': 126.271389, 'lat': 33.168333, 'is_eligible_for_guides': True}",2022-07-19 12:56:18,[],"Photo by @jwe_travel in 가파도. May be an image of coast, ocean and nature.",1.0,5
11,CgLffaVPZKj,"{'pk': 236917762, 'short_name': 'Jeju', 'facebook_places_id': 112511175427115, 'external_source': 'facebook_places', 'name': '제주도 제주', 'address': '', 'city': '', 'has_viewer_saved': False, 'lng': 126.522, 'lat': 33.5097, 'is_eligible_for_guides': True}",2022-07-19 12:56:54,"['#흐린날', '#해바라기', '#김경숙해바라기농장', '#제주도', '#제주도해바라기', '#제주도여행', '#해바라기밭', '#풍경스타그램', '#rainyday', '#cloudyday', '#일상을여행으로', '#일상을동화처럼', '#일상을담다', '#sunflower', '#얼스타그램', '#셀스타그램', '#photooftheday', '#전신샷', '#뒷모습', '#jejuisland']","Photo by ㅅㅗㄱㅡㅁ ㅇㅣㄹㅅㅏㅇ 여행 in Jeju. May be an image of 1 person, standing, flower and outdoors.",0.0,13
12,CgLfgA4h60o,"{'pk': 109855408414862, 'short_name': '단당류', 'facebook_places_id': 109855408414862, 'external_source': 'facebook_places', 'name': '단당류', 'address': '', 'city': '', 'has_viewer_saved': False, 'lng': 126.2696606, 'lat': 33.3181404, 'is_eligible_for_guides': True}",2022-07-19 12:56:59,"['#제주도', '#제주도여행', '#제주도카페', '#여행', '#여행스타그램', '#여행2일차', '#여름휴가', '#여름', '#여름방학', '#제주단당류', '#단당류카페', '#제주카페추천', '#제주테린느', '#한경면카페', '#제주신상카페', '#저지리카페', '#제주애견동반카페', '#제주예쁜카페']",,0.0,1
13,CgLfdYsJ-FY,,2022-07-19 12:56:37,"['#협찬', '#협찬', '#빛의벙커', '#제주여행', '#제주도여행', '#제주동쪽여행', '#제주여름여행', '#제주핫플레이스', '#제주사진찍기좋은곳', '#제주데이트', '#서귀포데이트', '#제주힐링', '#제주실내관광지', '#제주비올때', '#7월제주', '#8월제주제주도민추천', '#도민추천', '#현지인추천', '#여름휴가', '#제주', '#신혼부부', '#럽스타그램', '#부부스타그램', '#항상고마워']",,0.0,10
14,CgLfSrJr6QW,,2022-07-19 12:55:10,[],,3.0,12
15,CgLfM3VJC-j,"{'pk': 1752823, 'short_name': '세화해수욕장', 'facebook_places_id': 456986834321648, 'external_source': 'facebook_places', 'name': '세화해수욕장', 'address': '구좌읍 해맞이해안로 1453', 'city': '', 'has_viewer_saved': False, 'lng': 126.8604195782, 'lat': 33.524842978932, 'is_eligible_for_guides': True}",2022-07-19 12:54:22,"['#instagram', '#여행사진', '#제주도여행']","Photo by ??'?? ???? ?? in 세화해수욕장. May be an image of 3 people, people standing and ocean.",2.0,20
16,CgLfWaPr0er,"{'pk': 110305711259606, 'short_name': '석 인 장 碩 仁 張', 'facebook_places_id': 110305711259606, 'external_source': 'facebook_places', 'name': '석 인 장 碩 仁 張', 'address': '', 'city': '제주도 제주', 'has_viewer_saved': False, 'lng': 123.77671018812, 'lat': 30.913642303178, 'is_eligible_for_guides': True}",2022-07-19 12:55:40,[],Photo by 석 인 장 碩 仁 張 in 석 인 장 碩 仁 張 with @seok__in_jang. May be an image of food.,2.0,14
17,CgLfQ8WJbK3,,2022-07-19 12:54:55,[],,2.0,6
18,CgLfMwZL3lZ,"{'pk': 100443154935496, 'short_name': '바이제주', 'facebook_places_id': 100443154935496, 'external_source': 'facebook_places', 'name': '바이제주', 'address': '서해안로 626', 'city': '', 'has_viewer_saved': False, 'lng': 126.504122, 'lat': 33.516543, 'is_eligible_for_guides': True}",2022-07-19 12:54:21,"['#바이제주', '#혼저옵서예', '#마우스패드', '#제주소품샵', '#제주여행', '#제주', '#제주도소품샵', '#제주기념품샵', '#제주도여행', '#제주도기념품샵', '#제주여행선물', '#신혼여행', '#제주도가볼만한곳', '#아이와제주여행', '#jeju', '#제스토리', '#제주베스트', '#돌하르방', '#한라봉']",,1.0,3
19,CgLfOs9JuRl,"{'pk': 100108954916337, 'short_name': '스타벅스 제주협재점', 'facebook_places_id': 100108954916337, 'external_source': 'facebook_places', 'name': '스타벅스 제주협재점', 'address': '한림읍 한림로 337', 'city': '', 'has_viewer_saved': False, 'lng': 126.24024027324, 'lat': 33.394030395656, 'is_eligible_for_guides': True}",2022-07-19 12:54:37,"['#제주도', '#제주도여행', '#스타벅스', '#카페스타그램', '#선팔맞팔', '#선팔', '#맞팔', '#팔로우', '#팔로해요', '#팔로워늘리기', '#선팔하면맞팔', '#맞팔해요', '#맞팔선팔환영', '#좋반테러', '#좋아요반사', '#좋반', '#소통', '#인친', '#follow']",,0.0,3
20,CgLfOUdBQft,,2022-07-19 12:54:34,"['#여름원피스', '#나시원피스', '#롱원피스', '#여름자켓', '#고급여성의류', '#블룸원피스', '#여름세일', '#여성의류세일', '#스토어찜할인', '#휴양지룩', '#휴양지원피스', '#제주도여행', '#부산여행', '#여름휴가']",,0.0,0
21,CgLfJkTgvL3,,2022-07-19 12:54:27,"['#애월맛집', '#제주맛집', '#애월가볼만한곳', '#애월해안도로맛집', '#제주도맛집추천', '#애월핫플', '#제주도여행', '#제주도돈까스', '#제주도카페', '#협재맛집', '#이호테우해변', '#곽지해수욕장맛집', '#제주공항맛집', '#애월맛집추천']",,6.0,3
22,CgLfDQILPkD,"{'pk': 104676768101786, 'short_name': '우도올레보트 udo olleh boat', 'facebook_places_id': 104676768101786, 'external_source': 'facebook_places', 'name': '우도올레보트 udo olleh boat', 'address': '제주 제주시 우도면 우도해안길 181', 'city': '', 'has_viewer_saved': False, 'lng': 126.94435592259, 'lat': 33.495995959915, 'is_eligible_for_guides': True}",2022-07-19 12:53:03,"['#우도', '#제주', '#우도보트', '#올레보트', '#우도올레보트', '#일상', '#소통', '#첫줄', '#여행', '#데일리', '#첫손님', '#고양이선장까페', '#우도맛집', '#제주맛집', '#일상스타그램', '#여행자', '#여행에미치다', '#여행스타그램', '#선팔하면맞팔가요', '#제주스쿠버다이빙', '#제주도여행', '#우도여행코스', '#우도다이브', '#제주스쿠버', '#다이빙', '#고양이선장', '#우도가볼만한곳', '#친추해요', '#액티비티', '#감사합니다']","Photo by 우도올레보트 ~ 우도다이브 ~ 고양이선장까페 in 우도올레보트 udo olleh boat. May be an image of 5 people, people standing and outdoors.",0.0,4
23,CgLfFetLpqa,"{'pk': 104676768101786, 'short_name': '우도올레보트 udo olleh boat', 'facebook_places_id': 104676768101786, 'external_source': 'facebook_places', 'name': '우도올레보트 udo olleh boat', 'address': '제주 제주시 우도면 우도해안길 181', 'city': '', 'has_viewer_saved': False, 'lng': 126.94435592259, 'lat': 33.495995959915, 'is_eligible_for_guides': True}",2022-07-19 12:53:21,"['#우도', '#제주', '#우도보트', '#올레보트', '#우도올레보트', '#일상', '#소통', '#첫줄', '#여행', '#데일리', '#첫손님', '#고양이선장까페', '#우도맛집', '#제주맛집', '#일상스타그램', '#여행자', '#여행에미치다', '#여행스타그램', '#선팔하면맞팔가요', '#제주스쿠버다이빙', '#제주도여행', '#우도여행코스', '#우도다이브', '#제주스쿠버', '#다이빙', '#고양이선장', '#우도가볼만한곳', '#친추해요', '#액티비티', '#감사합니다']","Photo by 우도올레보트 ~ 우도다이브 ~ 고양이선장까페 in 우도올레보트 udo olleh boat. May be an image of 4 people, people standing, outdoors and text that says '고양이선장 CAFE 우도 올레보트'.",0.0,7
24,CgLfACuLOKn,"{'pk': 104676768101786, 'short_name': '우도올레보트 udo olleh boat', 'facebook_places_id': 104676768101786, 'external_source': 'facebook_places', 'name': '우도올레보트 udo olleh boat', 'address': '제주 제주시 우도면 우도해안길 181', 'city': '', 'has_viewer_saved': False, 'lng': 126.94435592259, 'lat': 33.495995959915, 'is_eligible_for_guides': True}",2022-07-19 12:52:37,"['#우도', '#제주', '#우도보트', '#올레보트', '#우도올레보트', '#일상', '#소통', '#첫줄', '#여행', '#데일리', '#첫손님', '#고양이선장까페', '#우도맛집', '#제주맛집', '#일상스타그램', '#여행자', '#여행에미치다', '#여행스타그램', '#선팔하면맞팔가요', '#제주스쿠버다이빙', '#제주도여행', '#우도여행코스', '#우도다이브', '#제주스쿠버', '#다이빙', '#고양이선장', '#우도가볼만한곳', '#친추해요', '#액티비티', '#감사합니다']","Photo by 우도올레보트 ~ 우도다이브 ~ 고양이선장까페 in 우도올레보트 udo olleh boat. May be an image of 5 people, people standing and outdoors.",0.0,6
25,CgLeNPfvOoP,,2022-07-19 12:45:41,['#월정리곳간'],,1.0,9
26,CgLWQ3CPGYT,"{'pk': 6453607, 'short_name': '카멜리아 힐', 'facebook_places_id': 224501984270961, 'external_source': 'facebook_places', 'name': '카멜리아 힐', 'address': '제주특별자치도 서귀포시 안덕면 병악로 166', 'city': '서귀포, 제주도', 'has_viewer_saved': False, 'lng': 126.36919836729, 'lat': 33.289846879755, 'is_eligible_for_guides': True}",2022-07-19 11:36:16,[],,8.0,113
27,CgLe37Cr52Q,"{'pk': 104676768101786, 'short_name': '우도올레보트 udo olleh boat', 'facebook_places_id': 104676768101786, 'external_source': 'facebook_places', 'name': '우도올레보트 udo olleh boat', 'address': '제주 제주시 우도면 우도해안길 181', 'city': '', 'has_viewer_saved': False, 'lng': 126.94435592259, 'lat': 33.495995959915, 'is_eligible_for_guides': True}",2022-07-19 12:51:30,"['#우도', '#제주', '#우도보트', '#올레보트', '#우도올레보트', '#일상', '#소통', '#첫줄', '#여행', '#데일리', '#첫손님', '#고양이선장까페', '#우도맛집', '#제주맛집', '#일상스타그램', '#여행자', '#여행에미치다', '#여행스타그램', '#선팔하면맞팔가요', '#제주스쿠버다이빙', '#제주도여행', '#우도여행코스', '#우도다이브', '#제주스쿠버', '#다이빙', '#고양이선장', '#우도가볼만한곳', '#친추해요', '#액티비티', '#감사합니다']","Photo by 우도올레보트 ~ 우도다이브 ~ 고양이선장까페 in 우도올레보트 udo olleh boat. May be an image of 5 people, people standing and outdoors.",0.0,4
28,CgLe7TJr9sZ,"{'pk': 104676768101786, 'short_name': '우도올레보트 udo olleh boat', 'facebook_places_id': 104676768101786, 'external_source': 'facebook_places', 'name': '우도올레보트 udo olleh boat', 'address': '제주 제주시 우도면 우도해안길 181', 'city': '', 'has_viewer_saved': False, 'lng': 126.94435592259, 'lat': 33.495995959915, 'is_eligible_for_guides': True}",2022-07-19 12:51:58,"['#우도', '#제주', '#우도보트', '#올레보트', '#우도올레보트', '#일상', '#소통', '#첫줄', '#여행', '#데일리', '#첫손님', '#고양이선장까페', '#우도맛집', '#제주맛집', '#일상스타그램', '#여행자', '#여행에미치다', '#여행스타그램', '#선팔하면맞팔가요', '#제주스쿠버다이빙', '#제주도여행', '#우도여행코스', '#우도다이브', '#제주스쿠버', '#다이빙', '#고양이선장', '#우도가볼만한곳', '#친추해요', '#액티비티', '#감사합니다']",Photo by 우도올레보트 ~ 우도다이브 ~ 고양이선장까페 in 우도올레보트 udo olleh boat. May be an image of 6 people and people standing.,1.0,4
29,CgLe7EiJtmf,"{'pk': 1771262479554594, 'short_name': '제주도 애월읍', 'facebook_places_id': 1771262479554594, 'external_source': 'facebook_places', 'name': '제주도 애월읍', 'address': '제주시 애월읍', 'city': '', 'has_viewer_saved': False, 'lng': 126.35027204383, 'lat': 33.472779139273, 'is_eligible_for_guides': True}",2022-07-19 12:51:56,"['#로드129', '#제주도애월맛집', '#셀카', '#데일리', '#애월맛집', '#제주맛집', '#좋반', '#애월', '#곽지해수욕장맛집', '#제주여행', '#제주시맛집', '#협재맛집', '#제주도', '#버터모닝', '#제주도맛집추천', '#제주공항근처맛집', '#제주도맛집', '#먹방', '#협재해수욕장맛집', '#제주도여행', '#제주', '#981파크']",Photo by 애월맛집 ?로드129? in 제주도 애월읍. May be an image of 3 people and indoor.,0.0,6
30,CgLe9aFLfhM,"{'pk': 104676768101786, 'short_name': '우도올레보트 udo olleh boat', 'facebook_places_id': 104676768101786, 'external_source': 'facebook_places', 'name': '우도올레보트 udo olleh boat', 'address': '제주 제주시 우도면 우도해안길 181', 'city': '', 'has_viewer_saved': False, 'lng': 126.94435592259, 'lat': 33.495995959915, 'is_eligible_for_guides': True}",2022-07-19 12:52:15,"['#우도', '#제주', '#우도보트', '#올레보트', '#우도올레보트', '#일상', '#소통', '#첫줄', '#여행', '#데일리', '#첫손님', '#고양이선장까페', '#우도맛집', '#제주맛집', '#일상스타그램', '#여행자', '#여행에미치다', '#여행스타그램', '#선팔하면맞팔가요', '#제주스쿠버다이빙', '#제주도여행', '#우도여행코스', '#우도다이브', '#제주스쿠버', '#다이빙', '#고양이선장', '#우도가볼만한곳', '#친추해요', '#액티비티', '#감사합니다']",Photo by 우도올레보트 ~ 우도다이브 ~ 고양이선장까페 in 우도올레보트 udo olleh boat. May be an image of 3 people and people standing.,1.0,4
31,CgLerGdpKAF,,2022-07-19 12:49:45,"['#제주도숙소', '#제주호텔추천', '#제주여행', '#제주도여행', '#제주독채펜션', '#제주숙소', '#제주감성숙소', '#제주숙소추천', '#제주카페투어', '#신혼여행']",,5.0,135
32,CgLepwQrPwL,"{'pk': 104676768101786, 'short_name': '우도올레보트 udo olleh boat', 'facebook_places_id': 104676768101786, 'external_source': 'facebook_places', 'name': '우도올레보트 udo olleh boat', 'address': '제주 제주시 우도면 우도해안길 181', 'city': '', 'has_viewer_saved': False, 'lng': 126.94435592259, 'lat': 33.495995959915, 'is_eligible_for_guides': True}",2022-07-19 12:49:34,"['#우도', '#제주', '#우도보트', '#올레보트', '#우도올레보트', '#일상', '#소통', '#첫줄', '#여행', '#데일리', '#첫손님', '#고양이선장까페', '#우도맛집', '#제주맛집', '#일상스타그램', '#여행자', '#여행에미치다', '#여행스타그램', '#선팔하면맞팔가요', '#제주스쿠버다이빙', '#제주도여행', '#우도여행코스', '#우도다이브', '#제주스쿠버', '#다이빙', '#고양이선장', '#우도가볼만한곳', '#친추해요', '#액티비티', '#감사합니다']",Photo by 우도올레보트 ~ 우도다이브 ~ 고양이선장까페 in 우도올레보트 udo olleh boat. May be an image of 6 people and people standing.,0.0,3
33,CgLe19XLika,"{'pk': 104676768101786, 'short_name': '우도올레보트 udo olleh boat', 'facebook_places_id': 104676768101786, 'external_source': 'facebook_places', 'name': '우도올레보트 udo olleh boat', 'address': '제주 제주시 우도면 우도해안길 181', 'city': '', 'has_viewer_saved': False, 'lng': 126.94435592259, 'lat': 33.495995959915, 'is_eligible_for_guides': True}",2022-07-19 12:51:14,"['#우도', '#제주', '#우도보트', '#올레보트', '#우도올레보트', '#일상', '#소통', '#첫줄', '#여행', '#데일리', '#첫손님', '#고양이선장까페', '#우도맛집', '#제주맛집', '#일상스타그램', '#여행자', '#여행에미치다', '#여행스타그램', '#선팔하면맞팔가요', '#제주스쿠버다이빙', '#제주도여행', '#우도여행코스', '#우도다이브', '#제주스쿠버', '#다이빙', '#고양이선장', '#우도가볼만한곳', '#친추해요', '#액티비티', '#감사합니다']","Photo by 우도올레보트 ~ 우도다이브 ~ 고양이선장까페 in 우도올레보트 udo olleh boat. May be an image of 9 people, people sitting, people standing, ocean and text that says '레보트 우도올레보 보트 보트 우도 으도올레보트 올레보트'.",0.0,2
34,CgLex3Br8ej,"{'pk': 104676768101786, 'short_name': '우도올레보트 udo olleh boat', 'facebook_places_id': 104676768101786, 'external_source': 'facebook_places', 'name': '우도올레보트 udo olleh boat', 'address': '제주 제주시 우도면 우도해안길 181', 'city': '', 'has_viewer_saved': False, 'lng': 126.94435592259, 'lat': 33.495995959915, 'is_eligible_for_guides': True}",2022-07-19 12:50:41,"['#우도', '#제주', '#우도보트', '#올레보트', '#우도올레보트', '#일상', '#소통', '#첫줄', '#여행', '#데일리', '#첫손님', '#고양이선장까페', '#우도맛집', '#제주맛집', '#일상스타그램', '#여행자', '#여행에미치다', '#여행스타그램', '#선팔하면맞팔가요', '#제주스쿠버다이빙', '#제주도여행', '#우도여행코스', '#우도다이브', '#제주스쿠버', '#다이빙', '#고양이선장', '#우도가볼만한곳', '#친추해요', '#액티비티', '#감사합니다']",Photo by 우도올레보트 ~ 우도다이브 ~ 고양이선장까페 in 우도올레보트 udo olleh boat. May be an image of 5 people and people standing.,0.0,3
35,CgLep3rrTex,"{'pk': 238592649, 'short_name': '제주도 애월해안도로', 'facebook_places_id': 205982529481212, 'external_source': 'facebook_places', 'name': '제주도 애월해안도로', 'address': '제주시 애월읍', 'city': 'Jeju City', 'has_viewer_saved': False, 'lng': 127.10961825, 'lat': 37.4964447, 'is_eligible_for_guides': True}",2022-07-19 12:49:35,[],"Photo by ㅁㅏㅇㅣㅇㅗ ㅎㅔㅇㅓ, ㅎㅛㅇㅕㅇ in 제주도 애월해안도로. May be an image of 1 person, standing and outdoors.",2.0,54
36,CgLezlzrpDJ,"{'pk': 104676768101786, 'short_name': '우도올레보트 udo olleh boat', 'facebook_places_id': 104676768101786, 'external_source': 'facebook_places', 'name': '우도올레보트 udo olleh boat', 'address': '제주 제주시 우도면 우도해안길 181', 'city': '', 'has_viewer_saved': False, 'lng': 126.94435592259, 'lat': 33.495995959915, 'is_eligible_for_guides': True}",2022-07-19 12:50:55,"['#우도', '#제주', '#우도보트', '#올레보트', '#우도올레보트', '#일상', '#소통', '#첫줄', '#여행', '#데일리', '#첫손님', '#고양이선장까페', '#우도맛집', '#제주맛집', '#일상스타그램', '#여행자', '#여행에미치다', '#여행스타그램', '#선팔하면맞팔가요', '#제주스쿠버다이빙', '#제주도여행', '#우도여행코스', '#우도다이브', '#제주스쿠버', '#다이빙', '#고양이선장', '#우도가볼만한곳', '#친추해요', '#액티비티', '#감사합니다']","Photo by 우도올레보트 ~ 우도다이브 ~ 고양이선장까페 in 우도올레보트 udo olleh boat. May be an image of 3 people, people sitting, people standing and body of water.",0.0,2
37,CgLet0ypE9P,"{'pk': 236917762, 'short_name': 'Jeju', 'facebook_places_id': 112511175427115, 'external_source': 'facebook_places', 'name': '제주도 제주', 'address': '', 'city': '', 'has_viewer_saved': False, 'lng': 126.522, 'lat': 33.5097, 'is_eligible_for_guides': True}",2022-07-19 12:50:08,"['#애월맛집', '#제주맛집', '#제주도가볼만한곳', '#제주핫플', '#제주도먹방', '#서귀포맛집', '#산방산맛집', '#제주도맛집', '#제주여행', '#제주도여행', '#제주도', '#애월', '#협재맛집', '#제주도맛집추천', '#동문시장', '#제주', '#사계해변', '#이호테우해변', '#새별오름', '#제주도휴가', '#제주도', '#곽지해수욕장', '#제주공항맛집', '#협재해수욕장', '#애월카페', '#제주도여행코스']",,0.0,2
38,CgLevCkLHzo,,2022-07-19 12:50:18,"['#롱로드', '#귀덕맛집', '#한림맛집', '#애월맛집', '#제주맛집', '#한담', '#곽지해수욕장', '#곽지과물해변', '#협재', '#협재해수욕장', '#금능', '#이호테우해변', '#새별오름', '#제주도', '#제주', '#제주여행', '#jeju', '#아보카도', '#avocado', '#함박스테이크', '#제주가족여행', '#오설록', '#봄날', '#제주도여행', '#카멜리아힐', '#애월해안도로', '#제주공항맛집', '#중문관광단지', '#금오름', '#산방산']","Photo by 롱로드 on July 18, 2022. May be an image of food and text that says '3세부터 너93세까지 누구나 먹을수 있는 함박스테이크를 만들고 있습니다'.",0.0,1
39,CgLerYPpaLr,"{'pk': 239298202, 'short_name': '제주 노형수퍼마?', 'facebook_places_id': 261162987379025, 'external_source': 'facebook_places', 'name': '제주 노형수퍼마?', 'address': '노형로 89', 'city': '', 'has_viewer_saved': False, 'lng': 126.45518574459, 'lat': 33.464912759155, 'is_eligible_for_guides': True}",2022-07-19 12:49:48,"['#사진도배주의', '#미디어아트', '#제주노형수퍼마?', '#제주도여행']",,0.0,0
40,CgLevkKrHHz,"{'pk': 104676768101786, 'short_name': '우도올레보트 udo olleh boat', 'facebook_places_id': 104676768101786, 'external_source': 'facebook_places', 'name': '우도올레보트 udo olleh boat', 'address': '제주 제주시 우도면 우도해안길 181', 'city': '', 'has_viewer_saved': False, 'lng': 126.94435592259, 'lat': 33.495995959915, 'is_eligible_for_guides': True}",2022-07-19 12:50:22,"['#우도', '#제주', '#우도보트', '#올레보트', '#우도올레보트', '#일상', '#소통', '#첫줄', '#여행', '#데일리', '#첫손님', '#고양이선장까페', '#우도맛집', '#제주맛집', '#일상스타그램', '#여행자', '#여행에미치다', '#여행스타그램', '#선팔하면맞팔가요', '#제주스쿠버다이빙', '#제주도여행', '#우도여행코스', '#우도다이브', '#제주스쿠버', '#다이빙', '#고양이선장', '#우도가볼만한곳', '#친추해요', '#액티비티', '#감사합니다']","Photo by 우도올레보트 ~ 우도다이브 ~ 고양이선장까페 in 우도올레보트 udo olleh boat. May be an image of 4 people, people standing, indoor and text that says '올레보트 WRIK 우 올레보트 도 올레보트'.",0.0,3
41,CgLet8wrVv9,,2022-07-19 12:50:09,"['#롱로드', '#귀덕맛집', '#한림맛집', '#애월맛집', '#제주맛집', '#한담', '#곽지해수욕장', '#곽지과물해변', '#협재', '#협재해수욕장', '#금능', '#이호테우해변', '#새별오름', '#제주도', '#제주', '#제주여행', '#jeju', '#아보카도', '#avocado', '#함박스테이크', '#제주가족여행', '#오설록', '#봄날', '#제주도여행', '#카멜리아힐', '#애월해안도로', '#제주공항맛집', '#중문관광단지', '#금오름', '#산방산']","Photo by 롱로드 on July 18, 2022. May be an image of food.",0.0,1
42,CgLeaetrCOA,"{'pk': 104676768101786, 'short_name': '우도올레보트 udo olleh boat', 'facebook_places_id': 104676768101786, 'external_source': 'facebook_places', 'name': '우도올레보트 udo olleh boat', 'address': '제주 제주시 우도면 우도해안길 181', 'city': '', 'has_viewer_saved': False, 'lng': 126.94435592259, 'lat': 33.495995959915, 'is_eligible_for_guides': True}",2022-07-19 12:47:29,"['#우도', '#제주', '#우도보트', '#올레보트', '#우도올레보트', '#일상', '#소통', '#첫줄', '#여행', '#데일리', '#첫손님', '#고양이선장까페', '#우도맛집', '#제주맛집', '#일상스타그램', '#여행자', '#여행에미치다', '#여행스타그램', '#선팔하면맞팔가요', '#제주스쿠버다이빙', '#제주도여행', '#우도여행코스', '#우도다이브', '#제주스쿠버', '#다이빙', '#고양이선장', '#우도가볼만한곳', '#친추해요', '#액티비티', '#감사합니다']",Photo by 우도올레보트 ~ 우도다이브 ~ 고양이선장까페 in 우도올레보트 udo olleh boat. May be an image of 4 people.,0.0,5
43,CgLejtsLxgK,,2022-07-19 12:48:45,"['#여행', '#여행스타그램', '#포토그래퍼', '#맞팔', '#맞팔해요', '#맞팔환영', '#선팔하면맞팔', '#선팔맞팔환영', '#선팔후맞팔', '#서울전시회', '#미술관', '#사진전', '#사진작가', '#제주도여행', '#서귀포카페', '#한남동카페', '#가오픈카페', '#연남동맛집', '#도산공원카페', '#성수동카페', '#photographer', '#interior', '#인테리어디자인', '#인테리어', '#집꾸미기', '#유럽여행', '#인친환영']","Photo by @wanmei.s on July 18, 2022. May be an image of outdoors.",1.0,12
44,CgLec1wrrKO,"{'pk': 104676768101786, 'short_name': '우도올레보트 udo olleh boat', 'facebook_places_id': 104676768101786, 'external_source': 'facebook_places', 'name': '우도올레보트 udo olleh boat', 'address': '제주 제주시 우도면 우도해안길 181', 'city': '', 'has_viewer_saved': False, 'lng': 126.94435592259, 'lat': 33.495995959915, 'is_eligible_for_guides': True}",2022-07-19 12:47:49,"['#우도', '#제주', '#우도보트', '#올레보트', '#우도올레보트', '#일상', '#소통', '#첫줄', '#여행', '#데일리', '#첫손님', '#고양이선장까페', '#우도맛집', '#제주맛집', '#일상스타그램', '#여행자', '#여행에미치다', '#여행스타그램', '#선팔하면맞팔가요', '#제주스쿠버다이빙', '#제주도여행', '#우도여행코스', '#우도다이브', '#제주스쿠버', '#다이빙', '#고양이선장', '#우도가볼만한곳', '#친추해요', '#액티비티', '#감사합니다']",Photo by 우도올레보트 ~ 우도다이브 ~ 고양이선장까페 in 우도올레보트 udo olleh boat. May be an image of 4 people.,0.0,4
45,CgLeeWmPtwU,"{'pk': 359674817409395, 'short_name': '구좌읍 송당리', 'facebook_places_id': 359674817409395, 'external_source': 'facebook_places', 'name': '구좌읍 송당리', 'address': '', 'city': '', 'has_viewer_saved': False, 'lng': 126.84402491, 'lat': 33.52781482, 'is_eligible_for_guides': True}",2022-07-19 12:48:01,"['#제주스냅', '#제주도스냅', '#20년우정', '#바다', '#제주우정스냅', '#여자끼리', '#우정촬영', '#제주피크닉스냅', '#이쁜곳', '#가족스냅', '#야외스냅', '#인물스냅', '#인물사진', '#소니미러리스', '#소니코리아', '#사진계정', '#사진계정소통', '#제주도여행', '#사진촬영', '#여행사진', '#제주웨딩', '#제주도웨딩', '#제주웨딩스냅', '#웨딩스냅', '#야외스냅', '#변함없이', '#제주도추억', '#푸른섬사진관', '#픽업', '#로드씬', '#제주도로']","Photo by 제주스냅 푸른섬사진관 in 구좌읍 송당리. May be an image of 3 people, people sitting, people standing and road.",0.0,15
46,CgLemg_r42a,"{'pk': 107982644702614, 'short_name': 'ㄷㅏㅇㄱㅡㄴㅁㅏㄹㅂㅏㅂ ㅈㅔㅈㅜ', 'facebook_places_id': 107982644702614, 'external_source': 'facebook_places', 'name': 'ㄷㅏㅇㄱㅡㄴㅁㅏㄹㅂㅏㅂ ㅈㅔㅈㅜ', 'address': '제주시 남성로 44', 'city': '제주도 제주', 'has_viewer_saved': False, 'lng': 126.51315307617, 'lat': 33.504049114176, 'is_eligible_for_guides': True}",2022-07-19 12:49:08,"['#당근말밥제주', '#제주여행', '#제주도여행', '#제주여행선물추천', '#제주선물추천', '#제주기념품', '#제주기념소품', '#제주특산품', '#제주특산물', '#제주선물가게', '#제주소품샵', '#악세사리', '#Daily', '#일상', '#소통', '#힐링', '#휴식', '#좋아요', '#제주도']",Photo by 은진 & 당근말밥제주 (@dgmb_jeju) in ㄷㅏㅇㄱㅡㄴㅁㅏㄹㅂㅏㅂ ㅈㅔㅈㅜ. May be an image of jewelry.,1.0,2
47,CgLejcorrom,"{'pk': 355856068, 'short_name': 'Complete Coffee', 'facebook_places_id': 145167952320110, 'external_source': 'facebook_places', 'name': 'Complete Coffee', 'address': '제주 제주시 연동 1523-3 1층', 'city': '', 'has_viewer_saved': False, 'lng': 126.49127772301, 'lat': 33.478138461667, 'is_eligible_for_guides': True}",2022-07-19 12:48:43,"['#벼리제주', '#컴플리트노형점', '#많관부']",,2.0,3
48,CgLejQLLIY8,"{'pk': 104676768101786, 'short_name': '우도올레보트 udo olleh boat', 'facebook_places_id': 104676768101786, 'external_source': 'facebook_places', 'name': '우도올레보트 udo olleh boat', 'address': '제주 제주시 우도면 우도해안길 181', 'city': '', 'has_viewer_saved': False, 'lng': 126.94435592259, 'lat': 33.495995959915, 'is_eligible_for_guides': True}",2022-07-19 12:48:41,"['#우도', '#제주', '#우도보트', '#올레보트', '#우도올레보트', '#일상', '#소통', '#첫줄', '#여행', '#데일리', '#첫손님', '#고양이선장까페', '#우도맛집', '#제주맛집', '#일상스타그램', '#여행자', '#여행에미치다', '#여행스타그램', '#선팔하면맞팔가요', '#제주스쿠버다이빙', '#제주도여행', '#우도여행코스', '#우도다이브', '#제주스쿠버', '#다이빙', '#고양이선장', '#우도가볼만한곳', '#친추해요', '#액티비티', '#감사합니다']",Photo by 우도올레보트 ~ 우도다이브 ~ 고양이선장까페 in 우도올레보트 udo olleh boat. May be an image of 3 people and people standing.,1.0,3
49,CgLeiLPpEtD,"{'pk': 107516098, 'short_name': '화순곶자왈', 'facebook_places_id': 557785814234772, 'external_source': 'facebook_places', 'name': '화순곶자왈', 'address': '안덕면 화순리', 'city': '', 'has_viewer_saved': False, 'lng': 126.33175792894, 'lat': 33.26404370541, 'is_eligible_for_guides': True}",2022-07-19 12:48:32,[],"Photo by @____oooopppp_ in 화순곶자왈. May be an image of 1 person, standing, tree and nature.",1.0,11
50,CgLeeaILejS,"{'pk': 104676768101786, 'short_name': '우도올레보트 udo olleh boat', 'facebook_places_id': 104676768101786, 'external_source': 'facebook_places', 'name': '우도올레보트 udo olleh boat', 'address': '제주 제주시 우도면 우도해안길 181', 'city': '', 'has_viewer_saved': False, 'lng': 126.94435592259, 'lat': 33.495995959915, 'is_eligible_for_guides': True}",2022-07-19 12:48:01,"['#우도', '#제주', '#우도보트', '#올레보트', '#우도올레보트', '#일상', '#소통', '#첫줄', '#여행', '#데일리', '#첫손님', '#고양이선장까페', '#우도맛집', '#제주맛집', '#일상스타그램', '#여행자', '#여행에미치다', '#여행스타그램', '#선팔하면맞팔가요', '#제주스쿠버다이빙', '#제주도여행', '#우도여행코스', '#우도다이브', '#제주스쿠버', '#다이빙', '#고양이선장', '#우도가볼만한곳', '#친추해요', '#액티비티', '#감사합니다']","Photo by 우도올레보트 ~ 우도다이브 ~ 고양이선장까페 in 우도올레보트 udo olleh boat. May be an image of 3 people, people standing and text that says 'RIK 우 올레보트 우도 도'.",0.0,3
51,CgLefBmrhDW,,2022-07-19 12:48:06,"['#여행', '#여행스타그램', '#포토그래퍼', '#맞팔', '#맞팔해요', '#맞팔환영', '#선팔하면맞팔', '#선팔맞팔환영', '#선팔후맞팔', '#서울전시회', '#미술관', '#사진전', '#사진작가', '#제주도여행', '#서귀포카페', '#한남동카페', '#가오픈카페', '#연남동맛집', '#도산공원카페', '#성수동카페', '#photographer', '#interior', '#인테리어디자인', '#인테리어', '#집꾸미기', '#유럽여행', '#인친환영']","Photo by @wanmei.s on July 18, 2022. May be an image of nature and sky.",1.0,7
52,CgLehXarPfe,"{'pk': 104676768101786, 'short_name': '우도올레보트 udo olleh boat', 'facebook_places_id': 104676768101786, 'external_source': 'facebook_places', 'name': '우도올레보트 udo olleh boat', 'address': '제주 제주시 우도면 우도해안길 181', 'city': '', 'has_viewer_saved': False, 'lng': 126.94435592259, 'lat': 33.495995959915, 'is_eligible_for_guides': True}",2022-07-19 12:48:26,"['#우도', '#제주', '#우도보트', '#올레보트', '#우도올레보트', '#일상', '#소통', '#첫줄', '#여행', '#데일리', '#첫손님', '#고양이선장까페', '#우도맛집', '#제주맛집', '#일상스타그램', '#여행자', '#여행에미치다', '#여행스타그램', '#선팔하면맞팔가요', '#제주스쿠버다이빙', '#제주도여행', '#우도여행코스', '#우도다이브', '#제주스쿠버', '#다이빙', '#고양이선장', '#우도가볼만한곳', '#친추해요', '#액티비티', '#감사합니다']",Photo by 우도올레보트 ~ 우도다이브 ~ 고양이선장까페 in 우도올레보트 udo olleh boat. May be an image of 5 people and people standing.,0.0,2
53,CgLelA5L3Nv,"{'pk': 104676768101786, 'short_name': '우도올레보트 udo olleh boat', 'facebook_places_id': 104676768101786, 'external_source': 'facebook_places', 'name': '우도올레보트 udo olleh boat', 'address': '제주 제주시 우도면 우도해안길 181', 'city': '', 'has_viewer_saved': False, 'lng': 126.94435592259, 'lat': 33.495995959915, 'is_eligible_for_guides': True}",2022-07-19 12:48:56,"['#우도', '#제주', '#우도보트', '#올레보트', '#우도올레보트', '#일상', '#소통', '#첫줄', '#여행', '#데일리', '#첫손님', '#고양이선장까페', '#우도맛집', '#제주맛집', '#일상스타그램', '#여행자', '#여행에미치다', '#여행스타그램', '#선팔하면맞팔가요', '#제주스쿠버다이빙', '#제주도여행', '#우도여행코스', '#우도다이브', '#제주스쿠버', '#다이빙', '#고양이선장', '#우도가볼만한곳', '#친추해요', '#액티비티', '#감사합니다']","Photo by 우도올레보트 ~ 우도다이브 ~ 고양이선장까페 in 우도올레보트 udo olleh boat. May be an image of 7 people, people standing and sunglasses.",0.0,4
54,CgLenK0LLD-,"{'pk': 104676768101786, 'short_name': '우도올레보트 udo olleh boat', 'facebook_places_id': 104676768101786, 'external_source': 'facebook_places', 'name': '우도올레보트 udo olleh boat', 'address': '제주 제주시 우도면 우도해안길 181', 'city': '', 'has_viewer_saved': False, 'lng': 126.94435592259, 'lat': 33.495995959915, 'is_eligible_for_guides': True}",2022-07-19 12:49:13,"['#우도', '#제주', '#우도보트', '#올레보트', '#우도올레보트', '#일상', '#소통', '#첫줄', '#여행', '#데일리', '#첫손님', '#고양이선장까페', '#우도맛집', '#제주맛집', '#일상스타그램', '#여행자', '#여행에미치다', '#여행스타그램', '#선팔하면맞팔가요', '#제주스쿠버다이빙', '#제주도여행', '#우도여행코스', '#우도다이브', '#제주스쿠버', '#다이빙', '#고양이선장', '#우도가볼만한곳', '#친추해요', '#액티비티', '#감사합니다']","Photo by 우도올레보트 ~ 우도다이브 ~ 고양이선장까페 in 우도올레보트 udo olleh boat. May be an image of 7 people, child, people standing and indoor.",0.0,2
55,CgLde8PvCKV,,2022-07-19 12:39:21,['#제주서쪽맛집'],,5.0,10
56,CgB-IciLnJ5,"{'pk': 236917762, 'short_name': 'Jeju', 'facebook_places_id': 112511175427115, 'external_source': 'facebook_places', 'name': '제주도 제주', 'address': '', 'city': '', 'has_viewer_saved': False, 'lng': 126.522, 'lat': 33.5097, 'is_eligible_for_guides': True}",2022-07-15 20:12:14,[],,49.0,433
57,CgLePJxLuok,"{'pk': 1025018656, 'short_name': '벵디', 'facebook_places_id': 833975253380664, 'external_source': 'facebook_places', 'name': '벵디', 'address': '구좌읍 해맞이해안로 1108', 'city': '', 'has_viewer_saved': False, 'lng': 126.83722868884, 'lat': 33.537693735638, 'is_eligible_for_guides': True}",2022-07-19 12:45:56,"['#벵디', '#돌문어덮밥', '#뿔소라톳덮밥', '#월정리', '#월정리맛집', '#제주도맛집', '#제주도', '#제주도월정리', '#구좌읍', '#제주도여행']",Photo by 바블먹자 in 벵디.,2.0,14
58,CgLeXiZLeWq,"{'pk': 104676768101786, 'short_name': '우도올레보트 udo olleh boat', 'facebook_places_id': 104676768101786, 'external_source': 'facebook_places', 'name': '우도올레보트 udo olleh boat', 'address': '제주 제주시 우도면 우도해안길 181', 'city': '', 'has_viewer_saved': False, 'lng': 126.94435592259, 'lat': 33.495995959915, 'is_eligible_for_guides': True}",2022-07-19 12:47:05,"['#우도', '#제주', '#우도보트', '#올레보트', '#우도올레보트', '#일상', '#소통', '#첫줄', '#여행', '#데일리', '#첫손님', '#고양이선장까페', '#우도맛집', '#제주맛집', '#일상스타그램', '#여행자', '#여행에미치다', '#여행스타그램', '#선팔하면맞팔가요', '#제주스쿠버다이빙', '#제주도여행', '#우도여행코스', '#우도다이브', '#제주스쿠버', '#다이빙', '#고양이선장', '#우도가볼만한곳', '#친추해요', '#액티비티', '#감사합니다']",Photo by 우도올레보트 ~ 우도다이브 ~ 고양이선장까페 in 우도올레보트 udo olleh boat. May be an image of 5 people and ocean.,0.0,4
59,CgLeKU0vpEs,,2022-07-19 12:45:17,"['#제주도여행', '#서귀포맛집', '#서귀포가정식', '#제주도', '#일주서로맛집', '#달팽이식당', '#일주서로', '#서귀포맛집추천', '#만족스런제주한끼', '#마시따']",,0.0,1
60,CgLeT5YLKJF,"{'pk': 104676768101786, 'short_name': '우도올레보트 udo olleh boat', 'facebook_places_id': 104676768101786, 'external_source': 'facebook_places', 'name': '우도올레보트 udo olleh boat', 'address': '제주 제주시 우도면 우도해안길 181', 'city': '', 'has_viewer_saved': False, 'lng': 126.94435592259, 'lat': 33.495995959915, 'is_eligible_for_guides': True}",2022-07-19 12:46:35,"['#우도', '#제주', '#우도보트', '#올레보트', '#우도올레보트', '#일상', '#소통', '#첫줄', '#여행', '#데일리', '#첫손님', '#고양이선장까페', '#우도맛집', '#제주맛집', '#일상스타그램', '#여행자', '#여행에미치다', '#여행스타그램', '#선팔하면맞팔가요', '#제주스쿠버다이빙', '#제주도여행', '#우도여행코스', '#우도다이브', '#제주스쿠버', '#다이빙', '#고양이선장', '#우도가볼만한곳', '#친추해요', '#액티비티', '#감사합니다']","Photo by 우도올레보트 ~ 우도다이브 ~ 고양이선장까페 in 우도올레보트 udo olleh boat. May be an image of cloud, ocean and nature.",0.0,10
61,CgLeKD_LbzM,,2022-07-19 12:45:15,"['#제주도원데이클래스', '#제주도취미', '#제주원데이클래스', '#취미', '#공감', '#제주도체험데이트', '#제주도여행', '#제주도', '#제주도', '#제주도레진공예', '#레진공예체험클래스', '#제주레진공예', '#플루이드아트', '#동네강좌', '#하바리움', '#제주도하바리움', '#레진공예체험', '#황칠', '#레진옻칠콜라보', '#레진', '#옻칠', '#황제들만썼다는황칠', '#상온경화형옻칠', '#도자기옻칠', '#옻칠스프레이']","Photo shared by GOD클럽 #발라또 셀럽 강윤서
935인플루언서 
#노꼬메레진아트 on July 18, 2022 tagging @1982fun. May be an image of flower.",1.0,4
62,CgLePtKpAnY,,2022-07-19 12:46:01,"['#제주레포츠랜드', '#제주레포츠랜드', '#제주도액티비티', '#제주카트', '#제주체험', '#제주액티비티레포츠랜드', '#제주카트장', '#제주도카트', '#제주도여행']","Photo by 호수같이 on July 18, 2022. May be an image of 1 person, outdoors and text that says 'All in one 액티비티! 제주레포스랜드 #카트 #짚라인 #산악버기카#서바이벌 #산악버기'.",0.0,0
63,CgLePI_PvLk,,2022-07-19 12:45:56,"['#여행', '#여행스타그램', '#가족여행', '#출발', '#출발', '#제주도', '#제주도여행', '#제주6일차', '#드르쿰다', '#드르쿰다목장카페', '#표선리', '#표선해수욕장', '#표선리해수욕장', '#세가족', '#세가족', '#세가족여행', '#세가족그램', '#아들스타그램', '#아들그램', '#아들바보스타그램', '#아들바보그램', '#아들', '#시우']",,0.0,3
64,CgLd5i0PQGL,"{'pk': 101149637972834, 'short_name': '제주도', 'facebook_places_id': 101149637972834, 'external_source': 'facebook_places', 'name': '제주도', 'address': '', 'city': '', 'has_viewer_saved': False, 'is_eligible_for_guides': True}",2022-07-19 12:42:59,[],,2.0,31
65,CgLd6TkrZox,"{'pk': 100984282616765, 'short_name': '오블롱', 'facebook_places_id': 100984282616765, 'external_source': 'facebook_places', 'name': '오블롱', 'address': '', 'city': '', 'has_viewer_saved': False, 'lng': 126.52831326457, 'lat': 33.516252967749, 'is_eligible_for_guides': True}",2022-07-19 12:43:06,[],Photo by 오블롱 in 오블롱. May be an image of dessert and text that says '7/19 open'.,3.0,3
66,CgLeBccvnQ8,"{'pk': 223359320, 'short_name': '두물머리', 'facebook_places_id': 193034867475301, 'external_source': 'facebook_places', 'name': '두물머리', 'address': '양서면 양수리 846-3', 'city': 'Gwacheon', 'has_viewer_saved': False, 'lng': 127.31654405594, 'lat': 37.533466777009, 'is_eligible_for_guides': True}",2022-07-19 12:44:04,"['#한국', '#한국유학', '#제주도여행', '#한국', '#연꽃', '#두물머리']",,0.0,7
67,CgLd73RvDpH,,2022-07-19 12:43:18,['#73개'],,2.0,44
68,CgLdwy_BwQI,"{'pk': 236917762, 'short_name': 'Jeju', 'facebook_places_id': 112511175427115, 'external_source': 'facebook_places', 'name': '제주도 제주', 'address': '', 'city': '', 'has_viewer_saved': False, 'lng': 126.522, 'lat': 33.5097, 'is_eligible_for_guides': True}",2022-07-19 12:41:48,[],,3.0,51
69,CgLdztkvb6o,"{'pk': 100386601950360, 'short_name': '금오름', 'facebook_places_id': 100386601950360, 'external_source': 'facebook_places', 'name': '금오름', 'address': '', 'city': '', 'has_viewer_saved': False, 'lng': 126.30567312241, 'lat': 33.351223897907, 'is_eligible_for_guides': True}",2022-07-19 12:42:12,"['#일상', '#셀카', '#팔로우', '#맞팔', '#선팔', '#좋반', '#좋아요', '#좋아요반사', '#좋아요테러', '#첫줄', '#데일리', '#소통', '#style', '#follow4like', '#followforfollowback', '#likeforlikes', '#like4follow', '#likeforfollow', '#fff', '#f4f', '#l4l', '#ootd', '#selfie', '#daily', '#photograph', '#photo', '#금오름', '#제주도', '#제주도여행', '#애월']",,2.0,45
70,CgLdsp3Jtus,,2022-07-19 12:41:14,"['#너야말로진정회', '#중문관광단지맛집', '#섭지코지맛집', '#제주시맛집', '#제주동문시장맛집', '#서귀포올레시장맛집', '#협재해수욕장', '#곽지해수욕장', '#애월맛집', '#협재맛집', '#중문해수욕장', '#광치기해변', '#월정리해변', '#중문맛집', '#금능해변', '#제주회포장', '#제주여행', '#제주도여행', '#제주핫플', '#제주핫플레이스', '#제주가볼만한곳', '#제주맛집추천', '#제주도맛집추천', '#제주서쪽여행', '#제주동쪽여행', '#제주맛집', '#제주도여행코스', '#그랜드하얏트제주', '#제주공항맛집']","Photo by 제주도맛집 너야말로 진정회 on July 18, 2022. May be an image of food and indoor.",0.0,1
71,CgLdtNRL4Ff,"{'pk': 100856394984268, 'short_name': '오르바', 'facebook_places_id': 100856394984268, 'external_source': 'facebook_places', 'name': '오르바', 'address': '', 'city': '', 'has_viewer_saved': False, 'lng': 126.6095977, 'lat': 33.2404347, 'is_eligible_for_guides': True}",2022-07-19 12:41:18,"['#제주도', '#오르바', '#쇠소깍', '#제주도여행']",Photo by Only U Ran♥? in 오르바. May be an image of 1 person and drink.,1.0,9
72,CgLdpdIJI7n,,2022-07-19 12:40:48,"['#02', '#스물하나', '#21', '#호텔', '#호캉스', '#제주도', '#제주도여행', '#비키니', '#셀스타그램', '#likesforlike', '#liketime', '#likeforfollow', '#ffff', '#ootd', '#daily', '#likeforlikeback', '#데일리룩코디']","Photo by ㅅㅓ 현 on July 18, 2022. May be an image of 1 person and standing.",1.0,28
73,CgLdneGvrui,"{'pk': 101149637972834, 'short_name': '제주도', 'facebook_places_id': 101149637972834, 'external_source': 'facebook_places', 'name': '제주도', 'address': '', 'city': '', 'has_viewer_saved': False, 'is_eligible_for_guides': True}",2022-07-19 12:40:31,[],Photo by ???????????????????????? 윤 일월 in 제주도. May be an image of 3 people and text that says 'A CHANEL NEL'.,2.0,13
74,CgLdoWphrUj,"{'pk': 111964004417556, 'short_name': '블루보틀 제주', 'facebook_places_id': 111964004417556, 'external_source': 'facebook_places', 'name': '블루보틀 제주', 'address': '', 'city': '', 'has_viewer_saved': False, 'lng': 126.75047876325, 'lat': 33.433391083994, 'is_eligible_for_guides': True}",2022-07-19 12:40:39,"['#블루보틀', '#블루보틀제주']",,3.0,12
75,CgLdgvrrCcm,,2022-07-19 12:39:36,"['#풍어회센타', '#횟집', '#제주맛집', '#제주도여행', '#여행', '#제주시내맛집', '#한치', '#한치회', '#도민맛집', '#좋아요', '#맛집추천', '#맛집스타그램', '#제주', '#제주맛집추천', '#일도이동맛집', '#제주시맛집', '#여행추천', '#제주시', '#팔로우', '#제주시', '#겨울', '#방어', '#방어회', '#방어맛집', '#특방어', '#제주도겨울여행', '#대방어', '#저녁메뉴']",,2.0,12
76,CgLdoYnr-tE,"{'pk': 103563958939197, 'short_name': '아토네정원', 'facebook_places_id': 103563958939197, 'external_source': 'facebook_places', 'name': '아토네정원', 'address': '', 'city': '', 'has_viewer_saved': False, 'lng': 126.51727608846, 'lat': 33.246836294136, 'is_eligible_for_guides': True}",2022-07-19 12:40:39,"['#아토네정원', '#아토정원', '#villadeato', '#atogarden', '#서귀포원데이클래스', '#제주카페', '#서귀포', '#서귀포정원카페', '#제주카페투어', '#중문', '#중문카페', '#서귀포애플망고빙수', '#법환동카페', '#귤꽃', '#서귀포여행', '#서귀포데이트', '#정든동물병원', '#원데이클래스', '#jejucafe', '#서귀포숙소', '#제주도숙소', '#귤나라아토정원', '#그림같은집', '#제주한달살기', '#제주보름살기', '#제주여름']",Photo by ㅅㅓㄱㅟㅍㅗ카페 아토네정원 in 아토네정원. May be an image of food and indoor.,0.0,7
77,CgLdb3uPSFM,"{'pk': 111114501166111, 'short_name': '가조_오션탑라운지', 'facebook_places_id': 111114501166111, 'external_source': 'facebook_places', 'name': '가조_오션탑라운지', 'address': '사등면 창호리 1461', 'city': 'Geoje, Gyeongsangnam-do', 'has_viewer_saved': False, 'lng': 128.52020594944, 'lat': 34.953371305386, 'is_eligible_for_guides': True}",2022-07-19 12:38:56,"['#편집샵', '#가조', '#가조오션탑라운지', '#거제가조', '#가조도', '#거제카페', '#거제도여행', '#통영여행', '#남해여행', '#부산여행', '#제주도여행', '#데이트', '#프로포즈', '#신혼여행', '#거제풀빌라', '#거제핫플', '#거제가볼만한곳', '#사우스케이프', '#지평집', '#거제갈만한곳', '#매미성', '#근포동굴', '#외도보타니아', '#정글돔', '#거제파노라마케이블카', '#토모노야료칸', '#거제벨버디어', '#소노캄거제', '#거제삼성호텔', '#성포끝집']",Photo by 가조_오션탑라운지 in 가조_오션탑라운지. May be an image of nature and sky.,0.0,6
78,CgLdaJhJkHR,"{'pk': 277158849067892, 'short_name': '사계해안도로', 'facebook_places_id': 277158849067892, 'external_source': 'facebook_places', 'name': '사계해안도로', 'address': '', 'city': '', 'has_viewer_saved': False, 'lng': 126.30472468053, 'lat': 33.227922226177, 'is_eligible_for_guides': True}",2022-07-19 12:38:42,"['#자연', '#느끼고보고찍고']",,2.0,12
79,CgLdhmVLyxb,,2022-07-19 12:39:43,"['#후룩', '#후룩계란김밥', '#까망돼지라면', '#제주도', '#제주도여행', '#제주도월정리', '#제주도맛집', '#월정리맛집', '#월정리', '#구좌읍맛집', '#구좌']","Photo by 바블먹자 on July 18, 2022. May be an image of food and indoor.",3.0,13
80,CgLdQfNp9rG,,2022-07-19 12:37:23,"['#진대감', '#진대감제주점', '#제주', '#제주공항', '#제주맛집', '#제주시맛집', '#제주노형동맛집', '#제주도맛집진대감', '#제주도맛집', '#제주공항근처맛집', '#제주공항근처', '#신제주맛집', '#제주도여행']","Photo by 뾰류퉁?? on July 18, 2022. May be an image of food.",0.0,0
81,CgLc-8hLxir,"{'pk': 349760535423277, 'short_name': '블리스찬', 'facebook_places_id': 349760535423277, 'external_source': 'facebook_places', 'name': '블리스찬', 'address': '아연로 112', 'city': '', 'has_viewer_saved': False, 'lng': 126.48338129332, 'lat': 33.491209736671, 'is_eligible_for_guides': True}",2022-07-19 12:34:59,"['#blisschan', '#블리스찬', '#제주', '#제주도', '#제주카페', '#제주도카페', '#제주시카페', '#제주브런치', '#제주도브런치', '#제주브런치카페', '#제주도브런치카페', '#제주맛집', '#제주도맛집', '#제주도민맛집', '#제주공항맛집', '#제주공항브런치', '#제주공항카페', '#제주여행', '#제주도여행', '#신제주카페', '#신제주브런치', '#신제주맛집', '#노형카페', '#연동카페', '#오라동카페', '#정실카페', '#노형맛집', '#연동맛집', '#오라동맛집', '#블리스찬제주']","Photo by 제주카페  제주브런치  블리스찬 in 블리스찬. May be an image of mountain, nature and tree.",0.0,4
82,CgLdGviB6Qt,,2022-07-19 12:36:03,"['#제주레포츠랜드', '#제주카트', '#제주도카트', '#제주시카트', '#제주도짚라인', '#제주카트장', '#제주액티비티레포츠랜드', '#제주액티비티', '#제주체험', '#제주도카트장', '#제주도여행']","Photo by 신금희 on July 18, 2022. May be an image of 1 person, outdoors and text.",0.0,0
83,CgLdDa9Ju2t,,2022-07-19 12:35:36,"['#제주도여행', '#제주']",,0.0,2
84,CgLdBCtr2Mz,"{'pk': 355699, 'short_name': '금능해수욕장', 'facebook_places_id': 380726668678219, 'external_source': 'facebook_places', 'name': '금능해수욕장', 'address': '', 'city': '', 'has_viewer_saved': False, 'lng': 126.23456788023, 'lat': 33.389720503137, 'is_eligible_for_guides': True}",2022-07-19 12:35:17,"['#제주디저트카페', '#제주바나나푸딩', '#jeju', '#제주도푸딩', '#제주디저트맛집', '#제주도민', '#제주여행', '#비양도', '#제주살이', '#협재해변', '#제주서쪽카페', '#애월카페', '#카페전학생']","Photo by 카페 ㅈㅓㄴㅎㅏㄱㅅㅐㅇ in 금능해수욕장. May be an image of food, outdoors and text that says 'Cafe 전학생'.",0.0,7
85,CgLdAfMFrAz,"{'pk': 236917762, 'short_name': 'Jeju', 'facebook_places_id': 112511175427115, 'external_source': 'facebook_places', 'name': '제주도 제주', 'address': '', 'city': '', 'has_viewer_saved': False, 'lng': 126.522, 'lat': 33.5097, 'is_eligible_for_guides': True}",2022-07-19 12:35:12,[],Photo by @2_y_1_ in Jeju. May be an image of cloud and nature.,2.0,3
86,CgLc8Uzv5C1,,2022-07-19 12:34:38,"['#노형수퍼마?', '#제주도선물', '#제주선물', '#제주커플여행', '#제주실내관광지', '#제주', '#제주도여행', '#제주여행', '#제주도가볼만한곳', '#제주가볼만한곳', '#제주일상', '#제주관광지', '#제주도관광지', '#제주여행지']","Photo by ?????? on July 18, 2022. May be an image of 1 person, standing and indoor.",1.0,0
87,CgLc_htl7BF,"{'pk': 101358731673788, 'short_name': '제주도 제주시', 'facebook_places_id': 101358731673788, 'external_source': 'facebook_places', 'name': '제주도 제주시', 'address': '', 'city': '', 'has_viewer_saved': False, 'lng': 126.522, 'lat': 33.5097, 'is_eligible_for_guides': True}",2022-07-19 12:35:04,"['#제주도여행', '#제주가볼만한곳', '#애월가볼만한곳', '#제주시가볼만한곳', '#애월카페', '#제주실내관광지', '#제주공항근처가볼만한곳', '#제주여행', '#제주여행코스', '#애월여행', '#제주전시', '#전시', '#제주전시회', '#전시회', '#제주도', '#제주핫플레이스', '#제주도핫플레이스', '#애월', '#제주도가볼만한곳']",Photo by fajksi8001 in 제주도 제주시. May be an image of 1 person and outdoors.,0.0,131
88,CgLc-71PFhR,"{'pk': 104403208304657, 'short_name': '그랜드조선 제주', 'facebook_places_id': 104403208304657, 'external_source': 'facebook_places', 'name': '그랜드조선 제주', 'address': '', 'city': '', 'has_viewer_saved': False, 'lng': 126.40773440321, 'lat': 33.252307884262, 'is_eligible_for_guides': True}",2022-07-19 12:34:59,['#남매아니고자매'],,5.0,19
89,CgLdBrPPPTc,"{'pk': 432825720807994, 'short_name': '수목원길 야시장', 'facebook_places_id': 432825720807994, 'external_source': 'facebook_places', 'name': '수목원길 야시장', 'address': '', 'city': '', 'has_viewer_saved': False, 'lng': 126.48799354174, 'lat': 33.470214590932, 'is_eligible_for_guides': True}",2022-07-19 12:35:22,"['#검은고래', '#흑돼지수제버거', '#제주수제버거', '#제주버거맛집', '#수목원야시장', '#수목원길야시장', '#수목원테마파크', '#제주도맛집', '#제주도맛집추천', '#제주야시장', '#제주도야시장', '#제주가볼만한곳', '#제주도가볼만한곳', '#제주핫플레이스', '#제주도핫플레이스', '#제주여행', '#제주도여행', '#제주도도민맛집', '#제주야시장맛집', '#제주도야시장맛집', '#제주수제버거추천', '#제주도수제버거추천']",Photo by 제주푸드트럭 Black Whale 검은고래?? in 수목원길 야시장. May be an image of food.,0.0,1
90,CgLc01lBlIK,"{'pk': 731231033893743, 'short_name': 'Cafe Dodoo In Jeju', 'facebook_places_id': 731231033893743, 'external_source': 'facebook_places', 'name': 'Cafe Dodoo In Jeju', 'address': '', 'city': '', 'has_viewer_saved': False, 'lng': 126.481512, 'lat': 33.510183, 'is_eligible_for_guides': True}",2022-07-19 12:33:37,"['#강아지케이크', '#제주강아지케이크']",,2.0,3
91,CgLc3YRp1kN,"{'pk': 100163208067049, 'short_name': '플레이웍스제주', 'facebook_places_id': 100163208067049, 'external_source': 'facebook_places', 'name': '플레이웍스제주', 'address': '', 'city': '', 'has_viewer_saved': False, 'lng': 126.4587964262, 'lat': 33.245541310315, 'is_eligible_for_guides': True}",2022-07-19 12:33:57,"['#playworks', '#인센스', '#제주소품샵']",Photo by ㅍㅡㄹㄹㅔㅇㅣㅇㅝㄱㅅㅡㅈㅔㅈㅜ in 플레이웍스제주. May be an image of indoor.,0.0,4
92,CgLcvJmpgCV,"{'pk': 103654542128184, 'short_name': '퍼스트짐 삼화골드점', 'facebook_places_id': 103654542128184, 'external_source': 'facebook_places', 'name': '퍼스트짐 삼화골드점', 'address': '', 'city': '', 'has_viewer_saved': False, 'lng': 126.58024266758, 'lat': 33.521686553955, 'is_eligible_for_guides': True}",2022-07-19 12:32:50,[],"Photo by 조민철 in 퍼스트짐 삼화골드점 with @swfbjjjjjj. May be an image of 4 people, indoor and brick wall.",1.0,20
93,CgLc6G7FTfC,"{'pk': 102211271154036, 'short_name': '틴더타운', 'facebook_places_id': 102211271154036, 'external_source': 'facebook_places', 'name': '틴더타운', 'address': '', 'city': '', 'has_viewer_saved': False, 'lng': 126.79786324378, 'lat': 33.552934392774, 'is_eligible_for_guides': True}",2022-07-19 12:34:20,"['#Repost', '#제주', '#제주여행', '#제주도여행', '#구좌읍', '#월정리', '#월정리맛집', '#월정리풀빌라', '#월정리풀파티', '#풀파티', '#제주도풀파티', '#아이트', '#ight', '#테크노', '#하우스', '#제주클럽', '#제주도클럽', '#비치클럽', '#제주핫플', '#틴더타운', '#tinthetown']",,0.0,3
94,CgLcuJZLWrF,"{'pk': 919816384886984, 'short_name': '코난비치', 'facebook_places_id': 919816384886984, 'external_source': 'facebook_places', 'name': '코난비치', 'address': '', 'city': '', 'has_viewer_saved': False, 'lng': 126.81114924152, 'lat': 33.556977217117, 'is_eligible_for_guides': True}",2022-07-19 12:32:42,"['#jeju', '#제주도', '#제주도여행', '#휴가']",,0.0,25
95,CgLcy9TJlLV,"{'pk': 213094191, 'short_name': 'Seoul', 'facebook_places_id': 108259475871818, 'external_source': 'facebook_places', 'name': '서울', 'address': '', 'city': '', 'has_viewer_saved': False, 'lng': 127.01648, 'lat': 37.51502, 'is_eligible_for_guides': True}",2022-07-19 12:33:21,[],,2.0,3
96,CgLcrVBvHLc,,2022-07-19 12:32:19,[],"Photo by ㅈㅓㅅㅡㅌㅡㅂㅗㄴㅣ on July 18, 2022. May be an image of 1 person, child, standing and sunglasses.",2.0,7
97,CgLct8dvtxf,"{'pk': 236917762, 'short_name': 'Jeju', 'facebook_places_id': 112511175427115, 'external_source': 'facebook_places', 'name': '제주도 제주', 'address': '', 'city': '', 'has_viewer_saved': False, 'lng': 126.522, 'lat': 33.5097, 'is_eligible_for_guides': True}",2022-07-19 12:32:40,"['#제주도여행', '#제주가볼만한곳', '#애월가볼만한곳', '#제주시가볼만한곳', '#jeju', '#제주실내관광지', '#제주공항근처가볼만한곳', '#제주여행', '#제주여행코스', '#애월여행', '#제주전시', '#전시', '#제주전시회', '#전시회', '#제주도', '#제주핫플레이스', '#제주도핫플레이스', '#애월', '#제주도가볼만한곳']",Photo by new_onoff1 in Jeju. May be an image of 1 person and indoor.,0.0,149
98,CgLcvkxDjfs,"{'pk': 572266130, 'short_name': 'Jeju-do', 'facebook_places_id': 130857433661077, 'external_source': 'facebook_places', 'name': 'Jeju-do', 'address': '', 'city': '', 'has_viewer_saved': False, 'lng': 126.33557443, 'lat': 33.459755803333, 'is_eligible_for_guides': True}",2022-07-19 12:33:14,[],,2.0,11
99,CgLcmFNvh0a,"{'pk': 1771262479554594, 'short_name': '제주도 애월읍', 'facebook_places_id': 1771262479554594, 'external_source': 'facebook_places', 'name': '제주도 애월읍', 'address': '제주시 애월읍', 'city': '', 'has_viewer_saved': False, 'lng': 126.35027204383, 'lat': 33.472779139273, 'is_eligible_for_guides': True}",2022-07-19 12:31:36,"['#제주아이랑', '#제주아이와', '#애월가볼만한곳', '#제주시가볼만한곳', '#제주아이랑가볼만한곳', '#제주실내관광지', '#제주공항근처가볼만한곳', '#제주아이와갈만한곳', '#제주도여행', '#제주여행추천', '#애월여행', '#제주전시', '#제주아이들과가볼만한곳', '#제주도아이와가볼만한곳', '#제주도아이들과가볼만한곳', '#제주아이와가볼만한곳', '#애월', '#제주도아이와']","Photo by from_kraus in 제주도 애월읍. May be an image of 1 person, standing, flower and outdoors.",0.0,157
100,CgLclb8rrSn,,2022-07-19 12:31:30,"['#제주도호텔', '#제주호텔', '#제주그랜드하얏트', '#제주도그랜드하얏트', '#제주호캉스', '#제주도호캉스', '#제주그랜드하얏트호텔', '#제주도그랜드하얏트호텔', '#씨에스제주', '#씨에스투어', '#제주도여행', '#제주여행', '#제주여행준비', '#제주여행이벤트', '#제주여행싸게가기', '#제주흑돼지', '#제주도흑돼지']",,0.0,11
101,CgLcpYDvhRI,,2022-07-19 12:32:03,"['#2022', '#여름휴가', '#제주도여행', '#가족여행', '#신랑은한시간전에', '#여행첫날', '#더운날캠핑은증말아닙니다']",,0.0,6
102,CgLcmHjLQBs,,2022-07-19 12:31:36,"['#애월제주다', '#제주도맛집', '#제주도여행', '#제주맛집', '#제주도맛집추천', '#좋아요반사', '#좋반', '#먹스타그램']",,1.0,8
103,CgLcnhMhLTv,"{'pk': 629886254172342, 'short_name': '도두동 무지개 해안도로', 'facebook_places_id': 629886254172342, 'external_source': 'facebook_places', 'name': '도두동 무지개 해안도로', 'address': '제주시 서해안로 264  ', 'city': '', 'has_viewer_saved': False, 'lng': 126.522, 'lat': 33.5097, 'is_eligible_for_guides': True}",2022-07-19 12:31:47,"['#민혁', '#제주노을과', '#바다']",,2.0,45
104,CgLcX9-hkcg,,2022-07-19 12:29:40,"['#제주', '#해장길', '#해장국', '#제주해장국']","Photo by 제주해장국맛집 ‘해장길’ on July 18, 2022. May be an image of food.",6.0,92
105,CgLcTjKJlm3,,2022-07-19 12:29:04,"['#애월맛집', '#애월밥집', '#애월해안도로', '#애월핫플', '#제주맛집', '#먹방', '#카페투어', '#곽지맛집', '#제주공항맛집', '#제주여행', '#제주도여행', '#제주애월맛집', '#아이와제주갈만한곳', '#제주도민맛집', '#한림맛집', '#제주도맛집', '#제주도애월', '#애월카페', '#애월가볼만한곳', '#협재맛집']","Photo by 애월맛집 ?로드129? on July 18, 2022. May be an image of 1 person and text.",0.0,2
106,CgLcMuGrSJE,"{'pk': 291747264887850, 'short_name': '퍼플모스 Purple Moss', 'facebook_places_id': 291747264887850, 'external_source': 'facebook_places', 'name': '퍼플모스 Purple Moss', 'address': '', 'city': '', 'has_viewer_saved': False, 'lng': 126.4027691739, 'lat': 33.480360103038, 'is_eligible_for_guides': True}",2022-07-19 12:28:08,[],Photo by 제주 빈티지샵 Purple Moss 퍼플모스 in 퍼플모스 Purple Moss. May be an image of 1 person.,2.0,16
107,CgLcTEZFpbF,"{'pk': 101358731673788, 'short_name': '제주도 제주시', 'facebook_places_id': 101358731673788, 'external_source': 'facebook_places', 'name': '제주도 제주시', 'address': '', 'city': '', 'has_viewer_saved': False, 'lng': 126.522, 'lat': 33.5097, 'is_eligible_for_guides': True}",2022-07-19 12:29:00,"['#제주아이랑', '#제주아이와', '#애월가볼만한곳', '#제주시가볼만한곳', '#제주아이랑가볼만한곳', '#제주실내관광지', '#제주공항근처가볼만한곳', '#제주아이와갈만한곳', '#제주도여행', '#제주여행추천', '#애월여행', '#제주전시', '#제주아이들과가볼만한곳', '#제주도아이와가볼만한곳', '#제주도아이들과가볼만한곳', '#제주아이와가볼만한곳', '#애월', '#제주도아이와']","Photo by fasd190123 in 제주도 제주시. May be an image of 1 person, standing, footwear and outdoors.",0.0,178
108,CgLcVsyPc3F,,2022-07-19 12:29:21,"['#제주도여행', '#수국수국해']",,2.0,3
109,CgLb-XWPLOO,,2022-07-19 12:26:10,"['#여행', '#여행사진', '#제주도여행', '#여행기록', '#제주가좋다', '#7월여행', '#인생은아름다워라']","Photo by @arian_note on July 18, 2022. May be an image of 1 person, standing, sky and palm trees.",0.0,6
110,CgLb8hUvo6Z,,2022-07-19 12:25:55,[],"Photo by 사진첩 on July 18, 2022. May be an image of 12 people, ocean, twilight and sky.",2.0,3
111,CgLcHxvryS6,,2022-07-19 12:27:27,"['#한담해변', '#수퍼마?', '#항파두리항몽유적지', '#아르떼뮤지엄', '#981파크']","Photo by @restaurant_donkatsu on July 18, 2022. May be an image of food and text.",0.0,1
112,CgLb84nP-a8,"{'pk': 113864078000366, 'short_name': '제주한결', 'facebook_places_id': 113864078000366, 'external_source': 'facebook_places', 'name': '제주한결', 'address': '', 'city': '', 'has_viewer_saved': False, 'lng': 126.8365377, 'lat': 33.5384897, 'is_eligible_for_guides': True}",2022-07-19 12:25:58,"['#제주도숙소', '#제주독채', '#제주한결', '#제주도여행', '#제주태교여행', '#제주커플여행', '#제주도', '#제주바다', '#바다뷰숙소', '#오션뷰숙소']",Photo by 제주 한결 in 제주한결. May be an image of macrame.,0.0,6
113,CgLcF0DPGBJ,"{'pk': 572266130, 'short_name': 'Jeju-do', 'facebook_places_id': 130857433661077, 'external_source': 'facebook_places', 'name': 'Jeju-do', 'address': '', 'city': '', 'has_viewer_saved': False, 'lng': 126.33557443, 'lat': 33.459755803333, 'is_eligible_for_guides': True}",2022-07-19 12:27:11,[],,3.0,12
114,CgLb8UGpNb5,"{'pk': 292228391137673, 'short_name': '비밀의화원', 'facebook_places_id': 292228391137673, 'external_source': 'facebook_places', 'name': '비밀의화원', 'address': '2471, Hamdeok-ri, Jocheon-eup', 'city': '제주도 제주', 'has_viewer_saved': False, 'lng': 126.6591668129, 'lat': 33.528758213739, 'is_eligible_for_guides': True}",2022-07-19 12:25:54,[],,2.0,111
115,CgLbyYpr9cc,"{'pk': 102455484664354, 'short_name': '제주 산방산', 'facebook_places_id': 102455484664354, 'external_source': 'facebook_places', 'name': '제주 산방산', 'address': '제주 서귀포시 안덕면 사계리 산16번지', 'city': '', 'has_viewer_saved': False, 'lng': 126.56, 'lat': 33.2541, 'is_eligible_for_guides': True}",2022-07-19 12:24:32,"['#jeju', '#jejudo', '#jejuisland', '#food', '#foodporn', '#foodie', '#새별오름', '#새별오름맛집', '#제주가볼만한곳', '#제주도여행', '#제주카페', '#제주카페추천', '#제주카페투어', '#제주카페탐방', '#제주핫플', '#제주핫플레이스', '#제주핫플추천', '#제주스팟', '#제주가볼만한곳', '#제주', '#제주도', '#제주도여행', '#제주여행', '#신화월드', '#신화월드맛집', '#제주뽀로로파크', '#제주숙소', '#제주도숙소', '#제주도리조트', '#제주펜션', '#제주펜션추천', '#제주도여행', '#제주핫플레이스']",,0.0,7
116,CgLbxsavu4d,"{'pk': 113362006695891, 'short_name': '틴더타운리조트', 'facebook_places_id': 113362006695891, 'external_source': 'facebook_places', 'name': '틴더타운리조트', 'address': '구좌읍 해맞이해안로518-1', 'city': '', 'has_viewer_saved': False, 'lng': 126.801163, 'lat': 33.5566472, 'is_eligible_for_guides': True}",2022-07-19 12:24:27,"['#제주', '#제주여행', '#제주도여행', '#구좌읍', '#월정리', '#월정리맛집', '#월정리풀빌라', '#월정리풀파티', '#풀파티', '#제주도풀파티', '#아이트', '#ight', '#테크노', '#하우스', '#제주클럽', '#제주도클럽', '#비치클럽', '#제주핫플', '#틴더타운', '#tinthetown']",,0.0,3
117,CgLb7npPlVd,,2022-07-19 12:25:48,[],,2.0,2
118,CgLb7o_Livl,,2022-07-19 12:25:48,"['#너야말로진정회', '#중문관광단지맛집', '#섭지코지맛집', '#제주시맛집', '#제주동문시장맛집', '#서귀포올레시장맛집', '#협재해수욕장', '#곽지해수욕장', '#애월맛집', '#협재맛집', '#중문해수욕장', '#광치기해변', '#월정리해변', '#중문맛집', '#금능해변', '#제주회포장', '#제주여행', '#제주도여행', '#제주핫플', '#제주핫플레이스', '#제주가볼만한곳', '#제주맛집추천', '#제주도맛집추천', '#제주서쪽여행', '#제주동쪽여행', '#제주맛집', '#제주도여행코스', '#그랜드하얏트제주', '#제주공항맛집']","Photo by 서귀포맛집 ㄴㅓㅇㅑㅁㅏㄹㄹㅗㅈㅣㄴㅈㅓㅇㅎㅚ on July 18, 2022.",0.0,2
119,CgLb5yXrmRx,"{'pk': 1014508447, 'short_name': '서귀포시 성산읍', 'facebook_places_id': 126136900899897, 'external_source': 'facebook_places', 'name': '서귀포시 성산읍', 'address': '', 'city': 'Jeju City', 'has_viewer_saved': False, 'lng': 126.5471897, 'lat': 33.4994131, 'is_eligible_for_guides': True}",2022-07-19 12:25:33,"['#제주도출사', '#제주도출사장소', '#제주카페투어', '#제주도카페', '#제주도커피맛집', '#제주커피맛집', '#영주산', '#제주도여행', '#제주민속촌', '#성읍민속마을', '#표선해수욕장카페', '#우리들의블루스', '#서귀포가족카페', '#맞팔', '#성읍민속마을', '#성읍민속마을카페', '#성산읍카페', '#제주성산카페', '#제주표선카페', '#서귀포조용한카페', '#서귀포반려동물카페', '#성산반려동물카페', '#제주반려동물동반카페', '#제주반려동물동반', '#표선해수욕장', '#해비치카페', '#제주민속촌카페', '#드르쿰다', '#제주여행']",Photo by 카페1717 in 서귀포시 성산읍 with @cafe1717_jeju. May be an image of sky and brick wall.,0.0,4
120,CgLbh_6reaP,"{'pk': 2499863953405870, 'short_name': '월정리밥집', 'facebook_places_id': 2499863953405870, 'external_source': 'facebook_places', 'name': '월정리밥집', 'address': '제주시 구좌읍 월정7길 57', 'city': 'Jeju City', 'has_viewer_saved': False, 'lng': 126.7956773, 'lat': 33.5552004, 'is_eligible_for_guides': True}",2022-07-19 12:22:18,"['#월정리밥집', '#월정리맛집', '#뿔소라철판볶음밥', '#흑돼지불고기백반', '#월정리해변', '#자연드림', '#월정리해변맛집', '#제주도맛집', '#월정리맛집추천', '#제주월정리', '#제주흑돼지', '#집밥', '#집된장', '#안전한먹거리', '#제주도여행', '#제주도민맛집', '#유기농', '#건강한식사', '#채식', '#비건', '#월정리숙소', '#7st57', '#열무물김치', '#감자풀국']",,1.0,3
121,CgLbi-kPcQS,,2022-07-19 12:22:26,"['#제주레포츠랜드', '#제주카트', '#제주도카트', '#제주시카트', '#제주도짚라인', '#제주카트장', '#제주액티비티레포츠랜드', '#제주액티비티', '#제주체험', '#제주도카트장', '#제주도여행']",,1.0,1
122,CgLbfcdpJEt,,2022-07-19 12:21:57,,"Photo by @itsjuly22nd on July 18, 2022. May be an image of 1 person and outdoors.",,36
123,CgLbkW7p_tO,,2022-07-19 12:22:37,"['#한림카페', '#제주협재카페', '#제주한림카페', '#제주서쪽카페', '#제주도서쪽카페', '#호텔샌드', '#협재카페', '#제주도카페', '#제주도여행', '#제주카페', '#제주도서쪽', '#제주서쪽', '#제주협재가볼만한곳', '#제주서쪽가볼만한곳', '#제주핫플']","Photo by 김수지 on July 18, 2022. May be an image of table and indoor.",0.0,3
124,CgLbpM1rixm,"{'pk': 103248825535571, 'short_name': '제주스럽', 'facebook_places_id': 103248825535571, 'external_source': 'facebook_places', 'name': '제주스럽', 'address': '제주시 애월읍 구엄 4길 30', 'city': '제주시, 제주도', 'has_viewer_saved': False, 'lng': 8.555582e-05, 'lat': 3.8781272796877e-06, 'is_eligible_for_guides': True}",2022-07-19 12:23:17,"['#제주스럽', '#가족사진', '#제주도여행', '#가족여행지추천', '#사진찍기좋은카페', '#사진맛집', '#photo', '#제주']",,2.0,16
125,CgLbZORrE2B,,2022-07-19 12:21:06,"['#롱로드', '#귀덕맛집', '#한림맛집', '#애월맛집', '#제주맛집', '#한담', '#곽지해수욕장', '#곽지과물해변', '#협재', '#협재해수욕장', '#금능', '#이호테우해변', '#새별오름', '#제주도', '#제주', '#제주여행', '#jeju', '#아보카도', '#avocado', '#함박스테이크', '#제주가족여행', '#오설록', '#봄날', '#제주도여행', '#카멜리아힐', '#애월해안도로', '#제주공항맛집', '#중문관광단지', '#금오름', '#산방산']","Photo by 롱로드 on July 18, 2022. May be an image of food and indoor.",0.0,1
126,CgLbSbVL7KV,,2022-07-19 12:20:10,"['#롱로드', '#귀덕맛집', '#한림맛집', '#애월맛집', '#제주맛집', '#한담', '#곽지해수욕장', '#곽지과물해변', '#협재', '#협재해수욕장', '#금능', '#이호테우해변', '#새별오름', '#제주도', '#제주', '#제주여행', '#jeju', '#아보카도', '#avocado', '#함박스테이크', '#제주가족여행', '#오설록', '#봄날', '#제주도여행', '#카멜리아힐', '#애월해안도로', '#제주공항맛집', '#중문관광단지', '#금오름', '#산방산']","Photo by 롱로드 on July 18, 2022. May be an image of outdoors and text that says 'LONG ROAD ONO LOAD'.",0.0,3
127,CgLbcLRBlql,,2022-07-19 12:21:30,"['#금오름', '#금오름정상', '#제주', '#제주도', '#제주도여행', '#여행', '#여행스타그램', '#여행에미치다', '#셀카', '#셀피', '#셀스타그램', '#얼스타그램', '#전신샷', '#뒷태', '#데일리', '#오오티디', '#selfie', '#selflove', '#daily', '#dailylook', '#fashion', '#fashionblogger', '#mood', '#ootd', '#일상', '#좋아요', '#좋아요반사', '#맞팔', '#likesforlike', '#followforfollowback']",,2.0,20
128,CgLbWMYrJtM,,2022-07-19 12:20:41,"['#롱로드', '#귀덕맛집', '#한림맛집', '#애월맛집', '#제주맛집', '#한담', '#곽지해수욕장', '#곽지과물해변', '#협재', '#협재해수욕장', '#금능', '#이호테우해변', '#새별오름', '#제주도', '#제주', '#제주여행', '#jeju', '#아보카도', '#avocado', '#함박스테이크', '#제주가족여행', '#오설록', '#봄날', '#제주도여행', '#카멜리아힐', '#애월해안도로', '#제주공항맛집', '#중문관광단지', '#금오름', '#산방산']","Photo by 롱로드 on July 18, 2022. May be an image of food and indoor.",0.0,1
129,CgLbNkaLovt,,2022-07-19 12:19:31,[],,3.0,108
130,CgLbb4_rIN1,,2022-07-19 12:21:28,"['#롱로드', '#귀덕맛집', '#한림맛집', '#애월맛집', '#제주맛집', '#한담', '#곽지해수욕장', '#곽지과물해변', '#협재', '#협재해수욕장', '#금능', '#이호테우해변', '#새별오름', '#제주도', '#제주', '#제주여행', '#jeju', '#아보카도', '#avocado', '#함박스테이크', '#제주가족여행', '#오설록', '#봄날', '#제주도여행', '#카멜리아힐', '#애월해안도로', '#제주공항맛집', '#중문관광단지', '#금오름', '#산방산']","Photo by 롱로드 on July 18, 2022. May be an image of food and text that says '아보카도는 사랑입니다.'.",0.0,1
131,CgLbLQJhwLg,,2022-07-19 12:19:12,[],"Photo shared by @j__hyojjiii__7 on July 18, 2022 tagging @101.smin_. May be an image of 2 people, people standing and outdoors.",3.0,21
132,CgLVYX3v6JG,"{'pk': 171558539606554, 'short_name': '서귀포', 'facebook_places_id': 171558539606554, 'external_source': 'facebook_places', 'name': '서귀포', 'address': '', 'city': 'Jeju City', 'has_viewer_saved': False, 'lng': 126.52026112353, 'lat': 33.433643348184, 'is_eligible_for_guides': True}",2022-07-19 11:28:33,[],,6.0,25
133,CgKZyFwv1Fi,"{'pk': 298270651, 'short_name': '월정리해변', 'facebook_places_id': 1429755820619030, 'external_source': 'facebook_places', 'name': '월정리해변', 'address': '구좌읍 월정리 월정리해변', 'city': 'Jeju City', 'has_viewer_saved': False, 'lng': 126.796455323, 'lat': 33.555575049682, 'is_eligible_for_guides': True}",2022-07-19 02:47:47,[],,10.0,119
134,CgKROKuvhQ2,"{'pk': 101937974839157, 'short_name': 'D&department JEJU by Arario', 'facebook_places_id': 101937974839157, 'external_source': 'facebook_places', 'name': 'D&department JEJU by Arario', 'address': '제주도 제주시 탑동로2길 3', 'city': '제주도 제주', 'has_viewer_saved': False, 'lng': 126.52332438166, 'lat': 33.517653587098, 'is_eligible_for_guides': True}",2022-07-19 01:32:58,[],,6.0,163
135,CgLa-6WPNEf,"{'pk': 850540227, 'short_name': '제주도서핑 비고르서프', 'facebook_places_id': 1601149156812673, 'external_source': 'facebook_places', 'name': '제주도서핑 비고르서프', 'address': '안덕면 사계리 형재해안로 70', 'city': '제주도 서귀포', 'has_viewer_saved': False, 'lng': 126.29980444908, 'lat': 33.225692878554, 'is_eligible_for_guides': True}",2022-07-19 12:17:31,[],Photo by ㅈㅔㅈㅜㄷㅗㅅㅓㅍㅣㅇ ㅂㅣㄱㅗㄹㅡㅅㅓㅍㅡ in 제주도서핑 비고르서프. May be an image of 3 people and outdoors.,2.0,8
136,CgLbCm5rlhL,"{'pk': 851506337, 'short_name': '미래컨벤션센터', 'facebook_places_id': 338465876204008, 'external_source': 'facebook_places', 'name': '미래컨벤션센터', 'address': '한국 제주특별자치도 제주시 용담일동 249-6', 'city': '', 'has_viewer_saved': False, 'lng': 126.51461594428, 'lat': 33.506509034308, 'is_eligible_for_guides': True}",2022-07-19 12:18:01,"['#제주사월', '#제주4월', '#제주도여행', '#제주여행', '#제주특산품', '#제주도기념품', '#제주소품샵', '#제주과즐', '#제주공항근처', '#미래컨벤션센터']",,0.0,5
137,CgLbGEOLp13,"{'pk': 104542227750753, 'short_name': '도연식당', 'facebook_places_id': 104542227750753, 'external_source': 'facebook_places', 'name': '도연식당', 'address': '고마로18길4', 'city': '', 'has_viewer_saved': False, 'lng': 126.54112898789, 'lat': 33.50445366292, 'is_eligible_for_guides': True}",2022-07-19 12:18:29,"['#겉바속촉', '#멜튀김', '#한치튀김', '#튀김맛집', '#도연식당', '#jeju', '#food', '#travel', '#제주', '#제주도', '#제주맛집', '#제주도맛집', '#도민맛집', '#제주여행', '#제주도여행', '#맛집추천']",,0.0,5
138,CgLayUAramJ,"{'pk': 238592883, 'short_name': '환상의 섬 Jeju Island', 'facebook_places_id': 242952495824901, 'external_source': 'facebook_places', 'name': '환상의 섬 Jeju Island', 'address': '', 'city': '', 'has_viewer_saved': False, 'lng': 126.48986668414, 'lat': 33.485966613326, 'is_eligible_for_guides': True}",2022-07-19 12:15:47,"['#폴인럽제주', '#제주숙소추천']",Photo by 제주도펜션 Fall in love (폴인럽 제주) in 환상의 섬 Jeju Island. May be an image of outdoors.,2.0,12
139,CgLa5BkrVug,"{'pk': 112945910482411, 'short_name': '제주도', 'facebook_places_id': 112945910482411, 'external_source': 'facebook_places', 'name': '제주도', 'address': '', 'city': '', 'has_viewer_saved': False, 'lng': 127.01648, 'lat': 37.51502, 'is_eligible_for_guides': True}",2022-07-19 12:16:42,"['#제주도여행', '#2270', '#스킨스쿠버', '#여행', '#happy', '#funny', '#jeju', '#openwaterswimming']",,0.0,3
140,CgLa1-SPC5Z,"{'pk': 1977559222495058, 'short_name': 'Seogwipo', 'facebook_places_id': 1977559222495058, 'external_source': 'facebook_places', 'name': 'Seogwipo, Jeju Island, South Korea', 'address': '', 'city': '', 'has_viewer_saved': False, 'lng': 126.562189, 'lat': 33.2435822, 'is_eligible_for_guides': True}",2022-07-19 12:16:17,"['#제주', '#제주도', '#여행', '#제주도여행', '#포토시그니처', '#포시너의여름이벤트', '#고양이', '#돈가스', '#치즈돈가스', '#집간다', '#여행끝']",,1.0,16
141,CgLayr0Ldbi,"{'pk': 216502035950332, 'short_name': 'Landingcoffee', 'facebook_places_id': 216502035950332, 'external_source': 'facebook_places', 'name': 'Landingcoffee', 'address': '성산읍 신양로122번길 45-1', 'city': '', 'has_viewer_saved': False, 'lng': 126.91892664717, 'lat': 33.435635314342, 'is_eligible_for_guides': True}",2022-07-19 12:15:50,"['#제주성산카페', '#랜딩커피', '#landingcoffee']",Photo by L a n d i n g c o f f e e in Landingcoffee. May be an image of ocean.,2.0,9
142,CgLancNPdcD,"{'pk': 1030421455, 'short_name': '제주도 성산일출봉', 'facebook_places_id': 120333768100828, 'external_source': 'facebook_places', 'name': '제주도 성산일출봉', 'address': '', 'city': 'Seogwipo', 'has_viewer_saved': False, 'lng': 126.5053525, 'lat': 33.2491684, 'is_eligible_for_guides': True}",2022-07-19 12:14:18,"['#제주도여행', '#성산봉일출', '#휴식이필요해', '#휴식중']",,0.0,8
143,CgLag4zLTuM,,2022-07-19 12:13:25,"['#여름휴가', '#휴가', '#제주여행', '#제주카페', '#서귀포', '#서귀포카페', '#협재카페', '#애월카페', '#판포포구', '#제주오름추천', '#치즈태비', '#제주도여행', '#오오티디', '#여행룩', '#데일리룩', '#마실룩', '#시밀러룩', '#좋아요', '#선맞팔', '#선팔', '#얼스타', '#얼스타그램', '#likeforlikes', '#likeforfollow']","Photo by 원스윈스 / 진희 on July 18, 2022. May be an image of 1 person and brick wall.",0.0,18
144,CgLasKtJHrI,"{'pk': 354477104974756, 'short_name': '별방진', 'facebook_places_id': 354477104974756, 'external_source': 'facebook_places', 'name': '별방진', 'address': '구좌읍 하도리 3354', 'city': '', 'has_viewer_saved': False, 'lng': 126.8559946262, 'lat': 33.522800003867, 'is_eligible_for_guides': True}",2022-07-19 12:14:57,"['#휴가마지막날', '#제주도여행', '#별방진', '#하도해수욕장', '#돌담사진', '#사진맛집', '#일상', '#소통']",,0.0,4
145,CgLasf3pPrj,"{'pk': 1991908691087996, 'short_name': '서귀포 대정읍', 'facebook_places_id': 1991908691087996, 'external_source': 'facebook_places', 'name': '서귀포 대정읍', 'address': '', 'city': '', 'has_viewer_saved': False, 'lng': 127.04884154, 'lat': 37.74410647, 'is_eligible_for_guides': True}",2022-07-19 12:15:00,"['#제주매운해물라멘', '#흑돼지멘치카츠카레라이스', '#마루', '#제주도맛집', '#대정읍맛집', '#인생맛집', '#제주도현지인맛집', '#제주여행꿀팁', '#제주도핫플', '#소통', '#foodstagram', '#좋아요반사', '#먹스타그램', '#제주도', '#맛집탐방', '#제주도여행', '#맛집리뷰', '#제주도여행코스', '#제주도가볼만한곳', '#추천맛집', '#제주도인생샷', '#서귀포시맛집', '#무릉맛집', '#서귀포맛집', '#제주도민', '#식단', '#제주도가족여행', '#히지니얌제주']",,1.0,20
146,CgLaRLavVmD,"{'pk': 443875042626658, 'short_name': '판포포구', 'facebook_places_id': 443875042626658, 'external_source': 'facebook_places', 'name': '판포포구', 'address': '한경면 금등리', 'city': '제주시, 제주특별자치도', 'has_viewer_saved': False, 'lng': 126.19916786427, 'lat': 33.365367088541, 'is_eligible_for_guides': True}",2022-07-19 12:11:16,"['#제주도', '#제주도여행', '#제주여행', '#판포포구', '#제주수영']",,2.0,21
147,CgLaXXNpAcL,"{'pk': 1771262479554594, 'short_name': '제주도 애월읍', 'facebook_places_id': 1771262479554594, 'external_source': 'facebook_places', 'name': '제주도 애월읍', 'address': '제주시 애월읍', 'city': '', 'has_viewer_saved': False, 'lng': 126.35027204383, 'lat': 33.472779139273, 'is_eligible_for_guides': True}",2022-07-19 12:12:07,"['#제주아이랑', '#제주아이와', '#애월가볼만한곳', '#제주시가볼만한곳', '#제주아이랑가볼만한곳', '#제주실내관광지', '#제주공항근처가볼만한곳', '#제주아이와갈만한곳', '#제주도여행', '#제주여행추천', '#애월여행', '#제주전시', '#제주아이들과가볼만한곳', '#제주도아이와가볼만한곳', '#제주도아이들과가볼만한곳', '#제주아이와가볼만한곳', '#애월', '#제주도아이와']","Photo by soe23456 in 제주도 애월읍. May be an image of 1 person, standing and text that says '아이와 함께하는 여 름 제주 여행 제주 사진놀이터 IA八 오브제 아트 스튜디오형 전시 제주공항 20분 거리'.",5.0,161
148,CgLaSsRpcYY,"{'pk': 102381627850117, 'short_name': 'M1971 요트투어', 'facebook_places_id': 102381627850117, 'external_source': 'facebook_places', 'name': 'M1971 요트투어', 'address': '대정읍 최남단해안로 130', 'city': '', 'has_viewer_saved': False, 'lng': 126.25706767011, 'lat': 33.210002099968, 'is_eligible_for_guides': True}",2022-07-19 12:11:28,"['#제주', '#M1971요트투어', '#돌고래투어', '#Repost', '#M1971', '#제주도', '#제주핫플레이스', '#제주바다', '#제주돌고래', '#요트투어', '#돌고래', '#제주여행', '#국내여행', '#서울여행', '#부산여행']",,0.0,8
149,CgLaa5Srpuf,,2022-07-19 12:12:35,"['#제주도여행', '#놀러온친구', '#주구장창', '#먹기만', '#먹스타그램', '#나두놀러가고싶다', '#몰디브나한잔해야지']",,2.0,15
150,CgLaQ6IPCgn,,2022-07-19 12:11:14,"['#여름휴가', '#제주도여행', '#한달살기하고픔']","Photo by ㅇㅜㄹㅣㅇㅏㅇㅣㄹㅡㄹ ㅇㅟㅎㅏㄴ ㄱㅏㅁㅅㅓㅇㅇㅢㄹㅠ?? on July 18, 2022. May be an image of 12 people, child, people standing, ocean and beach.",0.0,7
151,CgLadidJyX6,"{'pk': 692608279, 'short_name': '제주도 한경면', 'facebook_places_id': 177423652455477, 'external_source': 'facebook_places', 'name': '제주도 한경면', 'address': '', 'city': 'Jeju City', 'has_viewer_saved': False, 'lng': 126.32061564259, 'lat': 33.299892042417, 'is_eligible_for_guides': True}",2022-07-19 12:12:57,['#봄빛코티지'],Photo by 제주독채숙소 봄빛코티지 in 제주도 한경면. May be an image of tree and outdoors.,2.0,9
152,CgLaJJ_Pt83,,2022-07-19 12:10:10,"['#제주도', '#제주도핫플', '#제주핫플', '#제주맛집', '#제주도맛집', '#제주도현지인맛집', '#제주현지인맛집', '#제주현지인추천맛집', '#함덕', '#함덕맛집', '#함덕해수욕장근처맛집', '#함덕해변', '#함덕해수욕장맛집', '#함덕카페', '#함덕소노벨리조트', '#제주도여행', '#제주도민맛집', '#흑돼지', '#우도땅콩아이스크림', '#먹방', '#함덕맛집탐방', '#혼밥스타그램', '#안녕제주', '#함덕혼밥', '#함덕해수욕장', '#함덕현지인맛집', '#함덕맛집추천', '#제주함덕맛집', '#함덕전복죽', '#함덕어린이메뉴']","Photo by @hijeju2018 on July 18, 2022. May be an image of food and text that says '#안녕제주 #합덕맛집 함덕마집 #안녕제주'.",0.0,0
153,CgLaILZPLE6,"{'pk': 103156997916986, 'short_name': '해발1950m 한라산 백록담', 'facebook_places_id': 103156997916986, 'external_source': 'facebook_places', 'name': '해발1950m 한라산 백록담', 'address': '', 'city': '', 'has_viewer_saved': False, 'lng': 126.53569387335, 'lat': 33.361044384664, 'is_eligible_for_guides': True}",2022-07-19 12:10:02,"['#제일린', '#제일린vlog']",,2.0,42
154,CgLaH47BA5J,"{'pk': 112945910482411, 'short_name': '제주도', 'facebook_places_id': 112945910482411, 'external_source': 'facebook_places', 'name': '제주도', 'address': '', 'city': '', 'has_viewer_saved': False, 'lng': 127.01648, 'lat': 37.51502, 'is_eligible_for_guides': True}",2022-07-19 12:10:00,[],,44.0,111
155,CgLaLA4LrTm,"{'pk': 238592883, 'short_name': '환상의 섬 Jeju Island', 'facebook_places_id': 242952495824901, 'external_source': 'facebook_places', 'name': '환상의 섬 Jeju Island', 'address': '', 'city': '', 'has_viewer_saved': False, 'lng': 126.48986668414, 'lat': 33.485966613326, 'is_eligible_for_guides': True}",2022-07-19 12:10:25,"['#기다려제주', '#제주도여행', '#퀸메리호', '#배타고제주']",,4.0,4
156,CgLaMMiPpRy,"{'pk': 109458170831839, 'short_name': '비밀의숲', 'facebook_places_id': 109458170831839, 'external_source': 'facebook_places', 'name': '비밀의숲', 'address': '', 'city': '', 'has_viewer_saved': False, 'lng': 126.91798065857, 'lat': 33.470024058198, 'is_eligible_for_guides': True}",2022-07-19 12:10:35,"['#제주', '#제주도', '#제주여행', '#제주도여행', '#수국', '#비밀의숲', '#장마', '#여행', '#여행스타그램', '#travel', '#travelgram', '#travelphotography', '#jeju', '#jejuisland']",,1.0,11
157,CgLZy9ArwOc,"{'pk': 831735922, 'short_name': 'Jeju Island', 'facebook_places_id': 215037105231350, 'external_source': 'facebook_places', 'name': 'Jeju Island, Korea', 'address': '', 'city': 'Seogwipo', 'has_viewer_saved': False, 'lng': 126.40387297945, 'lat': 33.261123166693, 'is_eligible_for_guides': True}",2022-07-19 12:07:08,[],,2.0,6
158,CgLZvtahJYq,"{'pk': 101149637972834, 'short_name': '제주도', 'facebook_places_id': 101149637972834, 'external_source': 'facebook_places', 'name': '제주도', 'address': '', 'city': '', 'has_viewer_saved': False, 'is_eligible_for_guides': True}",2022-07-19 12:06:42,"['#k진상', '#제주도여행', '#효도여행', '#제주도가볼만한곳']",,1.0,3
159,CgLZ1psFl23,"{'pk': 572266130, 'short_name': 'Jeju-do', 'facebook_places_id': 130857433661077, 'external_source': 'facebook_places', 'name': 'Jeju-do', 'address': '', 'city': '', 'has_viewer_saved': False, 'lng': 126.33557443, 'lat': 33.459755803333, 'is_eligible_for_guides': True}",2022-07-19 12:07:30,[],Photo by @2_y_1_ in Jeju-do. May be an image of campsite and body of water.,2.0,3
160,CgLZwySPrxO,,2022-07-19 12:06:51,"['#제주도', '#제주도핫플', '#제주핫플', '#제주맛집', '#제주도맛집', '#제주도현지인맛집', '#제주현지인맛집', '#제주현지인추천맛집', '#함덕', '#함덕맛집', '#함덕해수욕장근처맛집', '#함덕해변', '#함덕해수욕장맛집', '#함덕카페', '#함덕소노벨리조트', '#제주도여행', '#제주도민맛집', '#흑돼지', '#우도땅콩아이스크림', '#먹방', '#함덕맛집탐방', '#혼밥스타그램', '#안녕제주', '#함덕혼밥', '#함덕해수욕장', '#함덕현지인맛집', '#함덕맛집추천', '#제주함덕맛집', '#함덕전복죽', '#함덕어린이메뉴']","Photo by @hijeju2018 on July 18, 2022. May be an image of food and text that says '함덕맛집 #함덕맛집 #안녕제주 #안녕제주'.",0.0,1
161,CgLZqqpvFqO,"{'pk': 236917762, 'short_name': 'Jeju', 'facebook_places_id': 112511175427115, 'external_source': 'facebook_places', 'name': '제주도 제주', 'address': '', 'city': '', 'has_viewer_saved': False, 'lng': 126.522, 'lat': 33.5097, 'is_eligible_for_guides': True}",2022-07-19 12:06:00,['#제주아기스냅'],,5.0,3
162,CgLZvUZvH_L,,2022-07-19 12:06:38,"['#제주도여행', '#제주동쪽여행코스', '#제주동쪽', '#제주동쪽가볼만한곳', '#취다선', '#제주명상', '#제주요가클래스', '#제주명상여행', '#취다선리조트', '#1인여행자의방']",,0.0,7
163,CgLZM2mLV9D,"{'pk': 108159295256238, 'short_name': '블랙이쉬레드', 'facebook_places_id': 108159295256238, 'external_source': 'facebook_places', 'name': '블랙이쉬레드', 'address': '제주시 애월읍 하소로 769-10', 'city': '제주도 제주', 'has_viewer_saved': False, 'lng': 126.3979947567, 'lat': 33.415826351055, 'is_eligible_for_guides': True}",2022-07-19 12:01:56,"['#블랙이쉬레드', '#예스키즈존', '#힐링', '#안구정화', '#평화로', '#밀크티전문점', '#당신의이유는무엇입니까', '#어떤책출판사', '#행복']",,5.0,23
164,CgLY1rEv9Qe,,2022-07-19 11:58:46,"['#유노우아이어블', '#제품촬영', '#내돈내산', '#구매완료', '#자체제작선글라스', '#유노우아이어블', '#기간한정이벤트', '#uwe선글라스', '#선글라스추천']",,4.0,12
165,CgLZtohrYCF,"{'pk': 1935015173436206, 'short_name': '히라히라마우', 'facebook_places_id': 1935015173436206, 'external_source': 'facebook_places', 'name': '히라히라마우', 'address': '안덕면 동광리 96', 'city': '', 'has_viewer_saved': False, 'lng': 126.321883545, 'lat': 33.343756095001, 'is_eligible_for_guides': True}",2022-07-19 12:06:25,"['#제주', '#제주도여행', '#제주도', '#제주여행중', '#제주서쪽여행', '#제주도소품샵', '#제주귀여운소품샵', '#제주소품샵', '#제주필수코스', '#제주소품샵투어', '#제주아이와갈만한곳', '#제주갈만한곳', '#제주스타그램', '#제주도그램', '#제주오설록', '#제주키티랜드', '#카멜리아힐', '#이시돌목장', '#금오름', '#금오름주변', '#제주신화월드', '#제주무민랜드', '#제주도여행코스', '#제주빈티지소품', '#제주선물가게', '#제주앤틱', '#제주도', '#제주편집샵', '#히라히라마우']",Photo by 제주소품샵 히라히라마우 in 히라히라마우. May be an image of toy.,0.0,21
166,CgLZh3JhHhG,"{'pk': 572266130, 'short_name': 'Jeju-do', 'facebook_places_id': 130857433661077, 'external_source': 'facebook_places', 'name': 'Jeju-do', 'address': '', 'city': '', 'has_viewer_saved': False, 'lng': 126.33557443, 'lat': 33.459755803333, 'is_eligible_for_guides': True}",2022-07-19 12:04:48,[],,3.0,12
167,CgLZlDaP-73,"{'pk': 1445864, 'short_name': '애월해안도로', 'facebook_places_id': 288715431241315, 'external_source': 'facebook_places', 'name': '애월해안도로', 'address': '애월읍', 'city': '', 'has_viewer_saved': False, 'lng': 126.356000973, 'lat': 33.4756733171, 'is_eligible_for_guides': True}",2022-07-19 12:05:14,[],,7.0,10
168,CgLZgL-B-B4,"{'pk': 102229327812868, 'short_name': '사진놀이터', 'facebook_places_id': 102229327812868, 'external_source': 'facebook_places', 'name': '사진놀이터', 'address': '애월읍 평화로 2835', 'city': '제주도 제주', 'has_viewer_saved': False, 'lng': 126.44199371338, 'lat': 33.456185843334, 'is_eligible_for_guides': True}",2022-07-19 12:04:35,"['#제주도여행', '#제주가볼만한곳', '#애월가볼만한곳', '#제주시가볼만한곳', '#애월카페', '#제주실내관광지', '#제주공항근처가볼만한곳', '#제주여행', '#제주여행코스', '#애월여행', '#제주전시', '#전시', '#제주전시회', '#전시회', '#제주도', '#제주핫플레이스', '#제주도핫플레이스', '#애월', '#제주도가볼만한곳']","Photo by Mr.Ks in 사진놀이터. May be an image of 2 people, child, people standing, indoor and text that says '아이와제주여 제주 사진놀이터 이터 100개의 전시공간에서 100가지 인생샷'.",5.0,173
169,CgLZSWwpYH1,"{'pk': 236917762, 'short_name': 'Jeju', 'facebook_places_id': 112511175427115, 'external_source': 'facebook_places', 'name': '제주도 제주', 'address': '', 'city': '', 'has_viewer_saved': False, 'lng': 126.522, 'lat': 33.5097, 'is_eligible_for_guides': True}",2022-07-19 12:02:41,"['#제주도여행', '#제주가볼만한곳', '#애월가볼만한곳', '#제주시가볼만한곳', '#애월카페', '#제주실내관광지', '#제주공항근처가볼만한곳', '#제주여행', '#제주여행코스', '#애월여행', '#제주전시', '#전시', '#제주전시회', '#전시회', '#제주도', '#제주핫플레이스', '#제주도핫플레이스', '#애월', '#제주도가볼만한곳']","Photo by hasen101 in Jeju. May be an image of 1 person, indoor and text that says '제주여행을 100가지 다양한 모습으로 기억하다 제주 사진들 이 터 오브제 아트 스튜디오형 전시 I 제주공항 20분 거리'.",5.0,159
170,CgLZJPuPRki,"{'pk': 294989420932150, 'short_name': '서귀포유람선파라다이스호', 'facebook_places_id': 294989420932150, 'external_source': 'facebook_places', 'name': '서귀포유람선파라다이스호', 'address': '서홍동 707-5 서귀포항 유선부두', 'city': '서귀포시, 제주특별자치도', 'has_viewer_saved': False, 'lng': 126.558515, 'lat': 33.239267, 'is_eligible_for_guides': True}",2022-07-19 12:01:27,"['#새연교', '#서귀포유람선', '#서귀포가볼만한곳', '#서귀포여행코스', '#제주도여행']","Photo by 서귀포유람선파라다이스 in 서귀포유람선파라다이스호. May be an image of 1 person, body of water, nature and twilight.",0.0,0
171,CgLZCl4pQcn,"{'pk': 102229327812868, 'short_name': '사진놀이터', 'facebook_places_id': 102229327812868, 'external_source': 'facebook_places', 'name': '사진놀이터', 'address': '애월읍 평화로 2835', 'city': '제주도 제주', 'has_viewer_saved': False, 'lng': 126.44199371338, 'lat': 33.456185843334, 'is_eligible_for_guides': True}",2022-07-19 12:00:32,"['#제주도여행', '#제주가볼만한곳', '#애월가볼만한곳', '#제주시가볼만한곳', '#애월카페', '#제주실내관광지', '#제주공항근처가볼만한곳', '#제주여행', '#제주여행코스', '#애월여행', '#제주전시', '#전시', '#제주전시회', '#전시회', '#제주도', '#제주핫플레이스', '#제주도핫플레이스', '#애월', '#제주도가볼만한곳']",Photo by jeju operation in 사진놀이터. May be an image of indoor and text that says 'DELICIEUX AEWOL's DINNER 3YS-G72 Cheat day 9BP TOMATO HotDogs EBFER 5$ ? μμη 오 EWOL's DINNER 여름 제주여행은? 제주 사진놀이터 100개의 공간이 있는 오브제 아트 스튜디오형 전시'.,5.0,162
172,CgLZIz7LqGt,,2022-07-19 12:01:23,[],,2.0,3
173,CgLZB5jgV89,,2022-07-19 12:01:17,"['#서귀포카페', '#제주카페', '#제주카페투어', '#제주카페추천', '#제주카페핫플', '#제주도카페', '#제주동쪽카페', '#제주카페맛집', '#제주핫플', '#제주여행', '#제주여행코스', '#제주여행추천', '#제주도여행']",,18.0,3
174,CgLZOL_piE9,"{'pk': 110928937246607, 'short_name': '숙성도 중문점', 'facebook_places_id': 110928937246607, 'external_source': 'facebook_places', 'name': '숙성도 중문점', 'address': '일주서로 966', 'city': '', 'has_viewer_saved': False, 'lng': 126.4075355948, 'lat': 33.258373228004, 'is_eligible_for_guides': True}",2022-07-19 12:02:07,"['#히지니얌올곰돌맛집', '#960숙성나비갈비', '#720뼈목살', '#720뼈등심', '#숙성도', '#제주도맛집', '#숙성도중문점', '#인생맛집', '#제주도흑돼지', '#제주여행꿀팁', '#제주도핫플', '#소통', '#foodstagram', '#좋아요반사', '#먹스타그램', '#제주도', '#맛집탐방', '#제주도여행', '#맛집리뷰', '#제주도여행코스', '#제주도가볼만한곳', '#추천맛집', '#제주도인생샷', '#서귀포시맛집', '#중문맛집', '#서귀포맛집', '#제주도흑돼지맛집', '#히지니얌제주']",,0.0,18
175,CgLZJMfBHvx,"{'pk': 572266130, 'short_name': 'Jeju-do', 'facebook_places_id': 130857433661077, 'external_source': 'facebook_places', 'name': 'Jeju-do', 'address': '', 'city': '', 'has_viewer_saved': False, 'lng': 126.33557443, 'lat': 33.459755803333, 'is_eligible_for_guides': True}",2022-07-19 12:01:26,[],,2.0,12
176,CgLY-BZPz6X,"{'pk': 109458170831839, 'short_name': '비밀의숲', 'facebook_places_id': 109458170831839, 'external_source': 'facebook_places', 'name': '비밀의숲', 'address': '', 'city': '', 'has_viewer_saved': False, 'lng': 126.91798065857, 'lat': 33.470024058198, 'is_eligible_for_guides': True}",2022-07-19 11:59:55,['#틸그레이스냅'],"Photo by 틸그스냅 in 비밀의숲 with @flor__eterna. May be an image of 1 person, standing, flower, tree and outdoors.",2.0,529
177,CgLY5Hsvt29,,2022-07-19 11:59:14,['#호빵이네집'],,1.0,9
178,CgLY-n-vApT,"{'pk': 241133607, 'short_name': '제주도 곽지해수욕장', 'facebook_places_id': 143000382491471, 'external_source': 'facebook_places', 'name': '제주도 곽지해수욕장', 'address': '', 'city': '', 'has_viewer_saved': False, 'lng': 126.30567334591, 'lat': 33.451500038862, 'is_eligible_for_guides': True}",2022-07-19 12:00:00,"['#jeju', '#제주도', '#제주도여행', '#제주도애월', '#곽지해수욕장', '#제주바다', '#바람', '#풍경', '#여름', '#날씨맑음', '#물놀이', '#여름휴가', '#여름바다', '#풍경스타그램', '#바닷바람', '#일상', '#공감', '#소통', '#힐링', '#팔로', '#맞팔', '#좋아요', '#좋아요그램', '#daily', '#dailystagram', '#view', '#여행', '#여행스타그램']",,0.0,3
179,CgLY-qPvULs,"{'pk': 2343832, 'short_name': '혼인지', 'facebook_places_id': 197324323736929, 'external_source': 'facebook_places', 'name': '혼인지', 'address': '성산읍 혼인지로 39-22', 'city': 'Seogwipo', 'has_viewer_saved': False, 'lng': 126.89471314674, 'lat': 33.414713434362, 'is_eligible_for_guides': True}",2022-07-19 12:00:00,['#아기랑제주여행'],"Photo by 정시우 in 혼인지. May be an image of 1 person, child, standing, flower and outdoors.",6.0,3
180,CgLYvsWLwyj,"{'pk': 280586682, 'short_name': '푸른섬 제주도', 'facebook_places_id': 412059192178780, 'external_source': 'facebook_places', 'name': '푸른섬 제주도', 'address': '', 'city': 'Jeju City', 'has_viewer_saved': False, 'lng': 126.67001561185, 'lat': 33.541889287744, 'is_eligible_for_guides': True}",2022-07-19 11:57:57,[],"Photo by 제주기념품가게 올레파머스 성산 / 월정 / 함덕 in 푸른섬 제주도. May be an image of palm trees, nature, sky and text.",1.0,3
181,CgLYwhzpwNM,"{'pk': 102229327812868, 'short_name': '사진놀이터', 'facebook_places_id': 102229327812868, 'external_source': 'facebook_places', 'name': '사진놀이터', 'address': '애월읍 평화로 2835', 'city': '제주도 제주', 'has_viewer_saved': False, 'lng': 126.44199371338, 'lat': 33.456185843334, 'is_eligible_for_guides': True}",2022-07-19 11:58:04,"['#제주도여행', '#제주가볼만한곳', '#애월가볼만한곳', '#제주시가볼만한곳', '#애월카페', '#제주실내관광지', '#제주공항근처가볼만한곳', '#제주여행', '#제주여행코스', '#애월여행', '#제주전시', '#전시', '#제주전시회', '#전시회', '#제주도', '#제주핫플레이스', '#제주도핫플레이스', '#애월', '#제주도가볼만한곳']","Photo by JEJU PPG 에디터 in 사진놀이터 with @_yuni_s2_. May be an image of 3 people, child, people sitting, people standing and outdoors.",5.0,164
182,CgLYp8UJ678,"{'pk': 111029141029940, 'short_name': '제주안돌오름', 'facebook_places_id': 111029141029940, 'external_source': 'facebook_places', 'name': '제주안돌오름', 'address': '', 'city': '', 'has_viewer_saved': False, 'lng': 126.522, 'lat': 33.5097, 'is_eligible_for_guides': True}",2022-07-19 11:57:10,"['#제주가족스냅', '#제주도가족스냅', '#제주가족사진', '#제주도가족사진', '#제주도스냅', '#제주도웨딩스냅', '#제주도신혼여행스냅', '#제주도데이트스냅', '#제주도우정스냅', '#제주도개인스냅', '#제주도브라이덜샤워', '#제주도사진작가', '#제주도스냅촬영', '#제주스냅', '#제주스냅사진', '#제주도스냅사진', '#제주도안돌오름', '#안돌오름', '#제주도스냅', '#제주도김작가', '#제주도', '#제주도김작가', '#제주도가족사진비용', '#제주가족사진비용', '#제주도여행', '#제주도여름휴가', '#제주여름휴가가족사진', '#제주도가족사진', '#제주가족사진']",,0.0,4
183,CgLYg4ap4EC,,2022-07-19 11:55:56,"['#이춘옥원조고등어쌈밥', '#제주맛집', '#제주애월맛집', '#애월맛집', '#제주도여행']","Photo by 나이뚜 on July 18, 2022. May be an image of food.",0.0,1
184,CgLYgXLPWWH,,2022-07-19 11:55:52,"['#제주도여행', '#한국여행기록']",,0.0,8
185,CgLYgklJ_KI,,2022-07-19 11:55:53,"['#꾸안꾸', '#크롭', '#크롭가디건', '#니트가디건', '#여름가디건', '#여름데일리', '#여름코디', '#여름코디추천', '#여자코디', '#제주도여행', '#제주도룩', '#원마일웨어', '#여름휴가', '#여름캠핑']",,0.0,3
186,CgLYf4pBWkL,"{'pk': 572266130, 'short_name': 'Jeju-do', 'facebook_places_id': 130857433661077, 'external_source': 'facebook_places', 'name': 'Jeju-do', 'address': '', 'city': '', 'has_viewer_saved': False, 'lng': 126.33557443, 'lat': 33.459755803333, 'is_eligible_for_guides': True}",2022-07-19 11:55:48,[],,2.0,11
187,CgLYhZEP93a,"{'pk': 100305125607062, 'short_name': 'Mercure Ambassador Jeju', 'facebook_places_id': 100305125607062, 'external_source': 'facebook_places', 'name': 'Mercure Ambassador Jeju', 'address': '365 Hanchang-ro, Andeok-myeon', 'city': 'Seogwipo', 'has_viewer_saved': False, 'lng': 126.34785890579, 'lat': 33.291938219961, 'is_eligible_for_guides': True}",2022-07-19 11:56:00,['#제주숙소'],,5.0,52
188,CgLYVtCPATq,"{'pk': 1651127925001833, 'short_name': '빛의 벙커 Bunker de Lumieres', 'facebook_places_id': 1651127925001833, 'external_source': 'facebook_places', 'name': '빛의 벙커 Bunker de Lumieres', 'address': '성산읍 고성리 2039-22', 'city': '제주도 서귀포', 'has_viewer_saved': False, 'lng': 126.89916020259, 'lat': 33.440289863882, 'is_eligible_for_guides': True}",2022-07-19 11:54:24,"['#협찬', '#협찬', '#빛의벙커', '#제주여행', '#제주도여행', '#제주동쪽여행', '#제주여름여행', '#제주핫플레이스', '#제주사진찍기좋은곳', '#제주데이트', '#서귀포데이트', '#제주힐링', '#제주실내관광지', '#제주비올때', '#7월제주', '#8월제주제주도민추천', '#도민추천', '#현지인추천', '#여름휴가']",,6.0,48
189,CgLYJfuB16D,"{'pk': 257704844, 'short_name': '고내포구', 'facebook_places_id': 288318734554204, 'external_source': 'facebook_places', 'name': '고내포구', 'address': '애월읍 고내리 1157-1', 'city': '', 'has_viewer_saved': False, 'lng': 126.33767550064, 'lat': 33.467201327453, 'is_eligible_for_guides': True}",2022-07-19 11:52:44,[],,2.0,53
190,CgLYFJIrh2E,"{'pk': 104108358644365, 'short_name': '마카로워', 'facebook_places_id': 104108358644365, 'external_source': 'facebook_places', 'name': '마카로워', 'address': '신설로9길 12-3', 'city': '제주도 제주', 'has_viewer_saved': False, 'lng': 126.54585421085, 'lat': 33.493691996015, 'is_eligible_for_guides': True}",2022-07-19 11:52:09,[],Photo by 마카로워 in 마카로워. May be an image of dessert and indoor.,1.0,3
191,CgLV7zEJtxP,"{'pk': 103012705546723, 'short_name': '귤귤스토어', 'facebook_places_id': 103012705546723, 'external_source': 'facebook_places', 'name': '귤귤스토어', 'address': '제주 제주시 애월읍 애월로1길 6', 'city': '', 'has_viewer_saved': False, 'lng': 126.31217572547, 'lat': 33.462381078762, 'is_eligible_for_guides': True}",2022-07-19 11:33:24,['#말랭in'],,7.0,41
192,CgLX3a7pbqS,,2022-07-19 11:50:16,"['#노형수퍼마?', '#제주도여행지', '#제주명소', '#제주여행', '#제주도명소', '#제주도가볼만한곳', '#제주스냅', '#제주', '#제주도사진찍기좋은곳', '#제주도여행', '#제주도여행중', '#제주가볼만한곳', '#제주도그램', '#애월가볼만한곳']","Photo by 호정 on July 18, 2022. May be an image of 1 person, standing and indoor.",0.0,1
193,CgLX_nAhvai,"{'pk': 102229327812868, 'short_name': '사진놀이터', 'facebook_places_id': 102229327812868, 'external_source': 'facebook_places', 'name': '사진놀이터', 'address': '애월읍 평화로 2835', 'city': '제주도 제주', 'has_viewer_saved': False, 'lng': 126.44199371338, 'lat': 33.456185843334, 'is_eligible_for_guides': True}",2022-07-19 11:51:23,"['#제주도여행', '#제주가볼만한곳', '#애월가볼만한곳', '#제주시가볼만한곳', '#애월카페', '#제주실내관광지', '#제주공항근처가볼만한곳', '#제주여행', '#제주여행코스', '#애월여행', '#제주전시', '#전시', '#제주전시회', '#전시회', '#제주도', '#제주핫플레이스', '#제주도핫플레이스', '#애월', '#제주도가볼만한곳']",Photo by 제주 사진놀이터 / 제주 애월 위치 in 사진놀이터 with @ye.on_o.,5.0,169
194,CgLX_f_Bqgl,"{'pk': 831074332, 'short_name': 'Jeju Island', 'facebook_places_id': 115421498472438, 'external_source': 'facebook_places', 'name': 'Jeju Island', 'address': '', 'city': 'Jeju City', 'has_viewer_saved': False, 'lng': 126.5281, 'lat': 33.3656, 'is_eligible_for_guides': True}",2022-07-19 11:51:22,"['#셀피', '#여행에반하다', '#빅웨이브', '#블루걸', '#제주도여행', '#제주도', '#jeju', '#jejuisland', '#jejudo']","Photo by @seoulfitness in Jeju Island. May be an image of 1 person, sitting and outdoors.",3.0,69
195,CgLX_1IBseq,"{'pk': 401726239, 'short_name': '제주 사계해변', 'facebook_places_id': 256576147709312, 'external_source': 'facebook_places', 'name': '제주 사계해변', 'address': '', 'city': 'Seoul, Korea', 'has_viewer_saved': False, 'lng': 126.98107287003, 'lat': 37.48603450669, 'is_eligible_for_guides': True}",2022-07-19 11:51:25,[],,3.0,33
196,CgLX48vP5Ww,,2022-07-19 11:50:29,"['#제주여행', '#제주도여행', '#제주그램', '#제주풍경', '#제주바다', '#제주사진', '#제주해변', '#사진스타그램', '#풍경사진그램', '#사진계정', '#사진계정맞팔', '#사진계정소통', '#사진취미맞팔', '#자연풍경', '#바다뷰', '#바다사진', '#등대해변', '#제주등대', '#제주하늘', '#제주구름', '#하늘덕후', '#풍경사진', '#바다스타그램', '#바다그램', '#바다풍경']","Photo by reribi on July 18, 2022. May be an image of ocean, nature and sky.",0.0,77
197,CgLX93FrpxL,"{'pk': 349151442348977, 'short_name': '다카포 카페 & 펍', 'facebook_places_id': 349151442348977, 'external_source': 'facebook_places', 'name': '다카포 카페 & 펍', 'address': '표선면 표선백사로 110번길 6', 'city': '', 'has_viewer_saved': False, 'lng': 126.83681431566, 'lat': 33.324702564514, 'is_eligible_for_guides': True}",2022-07-19 11:51:09,"['#놀이터카페', '#제주키즈존', '#표선키즈카페', '#제주물놀이', '#반돌로프놀이터', '#노키모어모빌']",Photo by ㄷㅏㅋㅏ포 in 다카포 카페 & 펍. May be an image of 2 people and pool.,0.0,30
198,CgLX6sFPXVv,"{'pk': 254513355, 'short_name': 'Seogwipo', 'facebook_places_id': 207968675890385, 'external_source': 'facebook_places', 'name': '제주도 서귀포', 'address': '', 'city': '', 'has_viewer_saved': False, 'lng': 126.56, 'lat': 33.2541, 'is_eligible_for_guides': True}",2022-07-19 11:50:43,"['#신혼여행', '#제주도여행', '#두번째숙소', '#2박', '#아침일상', '#모닝커피', '#욕실인테리어', '#예쁨', '#거울샷']",,0.0,3
199,CgLYArNrHr8,"{'pk': 111483794901656, 'short_name': '파스테이스', 'facebook_places_id': 111483794901656, 'external_source': 'facebook_places', 'name': '파스테이스', 'address': '한림읍 한림중앙로 82', 'city': '제주시, 제주도', 'has_viewer_saved': False, 'lng': 126.26678155138, 'lat': 33.407582384618, 'is_eligible_for_guides': True}",2022-07-19 11:51:32,"['#밴딩반바지', '#반바지코디', '#반바지룩', '#휴가룩코디', '#휴가룩추천', '#리조트룩', '#비치룩코디', '#제주도', '#제주여행', '#제주도여행', '#여행코디', '#제주도', '#verbena', '#verbena']",,0.0,11
200,CgLXrgXBpLD,,2022-07-19 11:48:39,"['#주부일상', '#미니멀리즘', '#데일리', '#줌스타그램', '#타이틀리스트', '#제주도', '#제주도여행', '#여행스타그램', '#우도', '#바다', '#엄마와딸', '#나들이', '#가족스타그램', '#육아그램', '#7살', '#푸드스타그램', '#소통그램', '#사진스타그램', '#데일리스타그램', '#창원', '#육아기록']","Photo by @mai_ae1 on July 18, 2022.",0.0,6
201,CgLXT1UpWak,"{'pk': 111964004417556, 'short_name': '블루보틀 제주', 'facebook_places_id': 111964004417556, 'external_source': 'facebook_places', 'name': '블루보틀 제주', 'address': '', 'city': '', 'has_viewer_saved': False, 'lng': 126.75047876325, 'lat': 33.433391083994, 'is_eligible_for_guides': True}",2022-07-19 11:45:25,"['#Sincerely', '#SCJ', '#SCJ', '#제이스제주']",,1.0,11
202,CgLXh5HPwlX,,2022-07-19 11:47:20,['#제주도여행'],,7.0,14
203,CgLXfowBqlf,,2022-07-19 11:47:01,"['#협재맛집', '#제주협재맛집', '#제주도맛집', '#한림맛집', '#제주도맛집추천', '#제주맛집', '#애월맛집', '#제주여행코스', '#제주여행', '#제주도여행', '#제주도여행코스', '#제주핫플', '#제주도핫플']","Photo by 강로희 on July 18, 2022. May be an image of text that says '국가대표 쉐프가 요리하는 협재금능점 제주 협재 맛집 둘레길'.",5.0,3
204,CgLXDsihHIb,"{'pk': 109458170831839, 'short_name': '비밀의숲', 'facebook_places_id': 109458170831839, 'external_source': 'facebook_places', 'name': '비밀의숲', 'address': '', 'city': '', 'has_viewer_saved': False, 'lng': 126.91798065857, 'lat': 33.470024058198, 'is_eligible_for_guides': True}",2022-07-19 11:43:13,"['#jeju', '#제주도', '#제주도여행', '#사진', '#안돌오름', '#비밀의숲', '#숲', '#라이카', '#leica', '#라이카q', '#lightroom']",,0.0,26
205,CgLXEfHJd-4,"{'pk': 101606685744351, 'short_name': '콜린 제주', 'facebook_places_id': 101606685744351, 'external_source': 'facebook_places', 'name': '콜린 제주', 'address': '', 'city': '', 'has_viewer_saved': False, 'lng': 126.31043286084, 'lat': 33.462938793385, 'is_eligible_for_guides': True}",2022-07-19 11:43:19,"['#콜린', '#콜린카페', '#카페콜린', '#콜린제주', '#제주콜린', '#제주도여행', '#제주도카페', '#애월카페', '#제주카페', '#제주카페추천', '#애월신상카페', '#colline', '#collinejeju', '#collinecafe']",Photo by 콜린 in 콜린 제주 with @colline_jeju. May be an image of 4 people and outdoors.,0.0,21
206,CgLXRPTLS3H,"{'pk': 106769754035927, 'short_name': '테리베리스', 'facebook_places_id': 106769754035927, 'external_source': 'facebook_places', 'name': '테리베리스', 'address': '애월읍 애월해안로274 1층', 'city': '', 'has_viewer_saved': False, 'lng': 126.340194, 'lat': 33.468759, 'is_eligible_for_guides': True}",2022-07-19 11:45:04,['#린넨뜨개모자'],,1.0,11
207,CgLXQEtP2X5,"{'pk': 101050984617911, 'short_name': 'Grand Hyatt Jeju', 'facebook_places_id': 101050984617911, 'external_source': 'facebook_places', 'name': 'Grand Hyatt Jeju', 'address': '노연로 12', 'city': '', 'has_viewer_saved': False, 'lng': 126.48141131214, 'lat': 33.485090827575, 'is_eligible_for_guides': True}",2022-07-19 11:44:54,"['#제주도여행', '#제주도숙소', '#그랜드하얏트제주', '#커플여행', '#뷰맛집', '#마운틴뷰', '#오션뷰', '#공항뷰', '#인피니티풀', '#야외수영장', '#제주시내숙소', '#제주시내호텔', '#제주호캉스', '#호캉스']",,0.0,1
208,CgLW2pFPPm0,"{'pk': 254513355, 'short_name': 'Seogwipo', 'facebook_places_id': 207968675890385, 'external_source': 'facebook_places', 'name': '제주도 서귀포', 'address': '', 'city': '', 'has_viewer_saved': False, 'lng': 126.56, 'lat': 33.2541, 'is_eligible_for_guides': True}",2022-07-19 11:41:26,['#무로이'],Photo by 지현 ?? in Seogwipo. May be an image of tree and outdoors.,2.0,25
209,CgLW-BAh_84,,2022-07-19 11:42:26,"['#중문맛집', '#제주중문맛집', '#제주맛집', '#제주도맛집', '#제주도민맛집', '#서귀포맛집', '#제주도여행코스', '#제주여행코스', '#제주도여행', '#제주여행', '#제주핫플', '#제주도핫플']","Photo by 권민주 on July 18, 2022. May be an image of food and text that says '국가대표 쉐프가 요리하는 맛집 둘레길 2 제주 충문'.",5.0,3
210,CgLXCVXBBRU,"{'pk': 102596868103976, 'short_name': '모몽 더 티하우스', 'facebook_places_id': 102596868103976, 'external_source': 'facebook_places', 'name': '모몽 더 티하우스, momong the teahouse', 'address': '', 'city': '제주시, 제주도', 'has_viewer_saved': False, 'lng': 126.18408203125, 'lat': 33.349518000796, 'is_eligible_for_guides': True}",2022-07-19 11:43:01,[],"Photo by ㅁㅗㅁㅗㅇ ㄷㅓ ㅌㅣㅎㅏㅇㅜㅅㅡ MOMONG in 모몽 더 티하우스, momong the teahouse with @momong_teahouse. May be an image of food.",1.0,7
211,CgLW0GqPHFp,,2022-07-19 11:41:05,"['#트레이닝복', '#츄리닝', '#커플룩', '#제주도여행', '#럽스타그램', '#꾸안꾸', '#꾸안꾸룩', '#맘룩', '#시밀러룩', '#데일리룩', '#오오티디', '#일상', '#마켓', '#원피스맛집', '#원피스', '#제주여행룩', '#여행룩', '#캠핑룩', '#부부룩', '#공오삼트레이닝']",,5.0,157
212,CgLW1YmvWlq,,2022-07-19 11:41:15,['#lmnt'],,4.0,54
213,CgLWxeHvp6d,"{'pk': 1728015657241650, 'short_name': '베케', 'facebook_places_id': 1728015657241650, 'external_source': 'facebook_places', 'name': '베케', 'address': '신효동 1137-1', 'city': '제주도 서귀포', 'has_viewer_saved': False, 'lng': 126.60453557968, 'lat': 33.261782363759, 'is_eligible_for_guides': True}",2022-07-19 11:40:43,"['#jeju유주', '#2022유주']",,5.0,3
214,CgLWuIKhb9e,,2022-07-19 11:40:16,[],,4.0,56
215,CgLWgouvcty,,2022-07-19 11:38:25,[],,2.0,33
216,CgLUZ3rPzAi,"{'pk': 572266130, 'short_name': 'Jeju-do', 'facebook_places_id': 130857433661077, 'external_source': 'facebook_places', 'name': 'Jeju-do', 'address': '', 'city': '', 'has_viewer_saved': False, 'lng': 126.33557443, 'lat': 33.459755803333, 'is_eligible_for_guides': True}",2022-07-19 11:20:01,[],,2.0,9
217,Cf79IvCBvYY,"{'pk': 276340952, 'short_name': '부산 기장', 'facebook_places_id': 353587144699173, 'external_source': 'facebook_places', 'name': '부산 기장', 'address': '부산', 'city': '', 'has_viewer_saved': False, 'lng': 129.23022760235, 'lat': 35.225677443445, 'is_eligible_for_guides': True}",2022-07-13 12:08:06,[],,4.0,309
218,Cfy4q7-heeD,,2022-07-09 23:35:55,[],"Photo by 신나리 on July 09, 2022. May be an image of 1 person, standing and indoor.",8.0,116
219,Ceu-9sZhZp6,,2022-06-13 14:42:33,[],"Photo by 신나리 on June 12, 2022. May be an image of 3 people.",8.0,172
220,Cetd4qaBUv4,,2022-06-13 00:34:16,[],"Photo by 신나리 on June 12, 2022. May be an image of 1 person and indoor.",3.0,195
221,CdQ02QTrj1I,,2022-05-08 01:05:32,[],"Photo shared by 신나리 on May 07, 2022 tagging @168__99kg, and @mixjxong. May be an image of 3 people.",11.0,242
