id,votedKeywords_시설이 깔끔해요,votedKeywords_주차하기 편해요,votedKeywords_수질 관리가 잘돼요,votedKeywords_탕 종류가 다양해요,votedKeywords_규모가 커요,votedKeywords_친절해요,votedKeywords_가격이 합리적이에요,votedKeywords_편의시설이 잘 되어있어요,votedKeywords_뷰가 좋아요,votedKeywords_아이와 가기 좋아요,votedKeywords_조용히 쉬기 좋아요,votedKeywords_대중교통이 편해요,votedKeywords_인테리어가 멋져요,votedKeywords_산책로가 잘 되어있어요,votedKeywords_깨끗해요,votedKeywords_바비큐 해먹기 좋아요 ,votedKeywords_냉난방이 잘돼요,votedKeywords_취사시설이 잘 되어있어요,votedKeywords_침구가 좋아요,votedKeywords_화장실이 잘 되어있어요,votedKeywords_사진이 잘 나와요,votedKeywords_방음이 잘돼요,votedKeywords_물놀이하기 좋아요,votedKeywords_수업이 체계적이에요,votedKeywords_명상하기 좋아요,votedKeywords_공간이 넓어요,votedKeywords_맞춤 케어를 잘해줘요,votedKeywords_자세를 꼼꼼히 봐주세요,votedKeywords_프로그램이 다양해요,votedKeywords_볼거리가 많아요,votedKeywords_체험 프로그램이 다양해요,votedKeywords_놀이기구가 다양해요,votedKeywords_먹거리가 풍부해요,votedKeywords_전시 테마가 재밌어요,votedKeywords_전시 구성이 알차요,votedKeywords_설명이 잘 되어있어요,votedKeywords_유익해요,votedKeywords_과일이 맛있어요,votedKeywords_신선해요,votedKeywords_원산지 표시가 명확해요,votedKeywords_상품이 다양해요,votedKeywords_매장이 청결해요,votedKeywords_캐디의 진행이 매끄러워요,votedKeywords_클럽하우스가 잘 되어있어요,votedKeywords_필드 상태가 좋아요,votedKeywords_예약 시간을 잘 지켜요,votedKeywords_신기한 식물이 많아요,votedKeywords_화장실이 깨끗해요,votedKeywords_동물 관리가 잘 되어있어요,votedKeywords_안전하게 관리해요,votedKeywords_관리가 잘 되어있어요,votedKeywords_옷이 예뻐요,votedKeywords_사이즈가 다양해요,votedKeywords_옷 관리가 잘 되어있어요,votedKeywords_옷이 다양해요,votedKeywords_상담이 자세해요,votedKeywords_스타일 추천을 잘해줘요,votedKeywords_반납이 편해요,votedKeywords_피크닉하기 좋아요,votedKeywords_말 교육이 잘 되어있어요,votedKeywords_코스가 다양해요,votedKeywords_코스가 길어요,votedKeywords_강습 받기 좋아요,votedKeywords_코스가 변별력 있어요,votedKeywords_거리 측정을 잘해줘요,votedKeywords_그늘집이 잘 되어있어요,votedKeywords_물이 깨끗해요,votedKeywords_최신 장비를 사용해요,votedKeywords_샤워실이 잘 되어있어요,votedKeywords_연습공간이 잘 되어있어요,votedKeywords_맞춤 지도를 잘해줘요,votedKeywords_층고가 높아요,votedKeywords_연습 시간이 자유로워요,votedKeywords_선생님이 열정적이에요,votedKeywords_학생과 소통을 잘해요,votedKeywords_근처에 갈 곳이 많아요,votedKeywords_자연 경관이 좋아요,votedKeywords_커피가 맛있어요,votedKeywords_음료가 맛있어요,votedKeywords_집중하기 좋아요,votedKeywords_대화하기 좋아요,votedKeywords_가성비가 좋아요,votedKeywords_특별한 메뉴가 있어요,votedKeywords_좌석이 편해요,votedKeywords_디저트가 맛있어요,votedKeywords_프로그램 구성이 알차요,votedKeywords_음식이 맛있어요,votedKeywords_휴게공간이 잘 되어있어요,votedKeywords_놀거리가 많아요,votedKeywords_음악이 좋아요,votedKeywords_단체모임 하기 좋아요,votedKeywords_대기공간이 잘 되어있어요,votedKeywords_레인이 많아요,votedKeywords_관리 효과가 좋아요,votedKeywords_분위기가 편안해요,votedKeywords_시술이 꼼꼼해요,votedKeywords_즐길 거리가 많아요,votedKeywords_부대시설이 잘 되어있어요,votedKeywords_기구가 다양해요,votedKeywords_마사지가 시원해요,votedKeywords_예약이 편리해요,votedKeywords_디자인이 멋져요,votedKeywords_선물하기 좋아요,votedKeywords_빵이 맛있어요,votedKeywords_반려동물과 가기 좋아요,votedKeywords_재료가 신선해요,votedKeywords_매장이 넓어요,votedKeywords_물고기가 많이 잡혀요,votedKeywords_어종이 다양해요,votedKeywords_수질이 좋아요,votedKeywords_품질이 좋아요,votedKeywords_타석이 넓어요,votedKeywords_대기 시스템이 편리해요,votedKeywords_휴게시설이 잘 되어있어요,votedKeywords_양이 많아요,votedKeywords_혼밥하기 좋아요,votedKeywords_특별한 날 가기 좋아요,votedKeywords_포장이 깔끔해요,votedKeywords_제철 과일이 빨리 나와요,votedKeywords_특색 있는 제품이 많아요,votedKeywords_동물을 배려한 환경이에요,votedKeywords_컨셉이 독특해요,votedKeywords_셔틀버스가 잘 되어있어요,votedKeywords_비싼 만큼 가치있어요,votedKeywords_기구가 청결해요,votedKeywords_운전이 쉬워요,votedKeywords_초보자에게도 적합해요,votedKeywords_맞춤 수업을 잘해줘요,votedKeywords_설명이 자세해요,votedKeywords_원데이 클래스가 알차요,votedKeywords_수업 시간이 충분해요,votedKeywords_수심이 다양해요,votedKeywords_세트 구성이 알차요,votedKeywords_비주얼이 좋아요
13044022,953.0,949.0,827.0,793.0,612.0,482.0,462.0,428.0,160.0,117.0,80.0,44.0,15.0,,,,,,,,,,,,,,,,,,,,,,,,,,,,,,,,,,,,,,,,,,,,,,,,,,,,,,,,,,,,,,,,,,,,,,,,,,,,,,,,,,,,,,,,,,,,,,,,,,,,,,,,,,,,,,,,,,,,,,,,,
1539131369,,1.0,,,,,,,,,,,,1.0,,,,,,,,,,,,,,,,,,,,,,,,,,,,,,,,,,,,,,,,,,,,,,,,,,,,,,,,,,,,,,,,,,,,,,,,,,,,,,,,,,,,,,,,,,,,,,,,,,,,,,,,,,,,,,,,,,,,,,,,
36797503,,19.0,,,,27.0,,,10.0,,19.0,,3.0,,18.0,16.0,15.0,11.0,10.0,8.0,7.0,3.0,1.0,,,,,,,,,,,,,,,,,,,,,,,,,,,,,,,,,,,,,,,,,,,,,,,,,,,,,,,,,,,,,,,,,,,,,,,,,,,,,,,,,,,,,,,,,,,,,,,,,,,,,,,,,,,,,,,
36771178,1.0,,,,,1.0,,,,,,,,,,,,,,,,,,1.0,1.0,1.0,,,,,,,,,,,,,,,,,,,,,,,,,,,,,,,,,,,,,,,,,,,,,,,,,,,,,,,,,,,,,,,,,,,,,,,,,,,,,,,,,,,,,,,,,,,,,,,,,,,,,,,,,,,,
1103132083,22.0,7.0,,,,28.0,1.0,,16.0,,,,,,,,,,,,,,,8.0,24.0,2.0,18.0,17.0,5.0,,,,,,,,,,,,,,,,,,,,,,,,,,,,,,,,,,,,,,,,,,,,,,,,,,,,,,,,,,,,,,,,,,,,,,,,,,,,,,,,,,,,,,,,,,,,,,,,,,,,,,,,,
1880206452,,,,,,,,,1.0,,,,,3.0,,,,,,,,,,,,,,,,,,,,,,,,,,,,,,,,,,,,,,,,,,,,,,,,,,,,,,,,,,,,,,,,,,,,,,,,,,,,,,,,,,,,,,,,,,,,,,,,,,,,,,,,,,,,,,,,,,,,,,,,
1071392259,,124.0,,,,,48.0,,,74.0,,,,,,,,,,,71.0,,,,,,,,,124.0,31.0,18.0,3.0,,,,,,,,,,,,,,,,,,,,,,,,,,,,,,,,,,,,,,,,,,,,,,,,,,,,,,,,,,,,,,,,,,,,,,,,,,,,,,,,,,,,,,,,,,,,,,,,,,,,,
13139387,,43.0,,,,,44.0,,,13.0,,,,,,,,,,,37.0,,,,,11.0,,,,,3.0,,,34.0,24.0,9.0,9.0,,,,,,,,,,,,,,,,,,,,,,,,,,,,,,,,,,,,,,,,,,,,,,,,,,,,,,,,,,,,,,,,,,,,,,,,,,,,,,,,,,,,,,,,,,,,,,,,,
19551102,,25.0,,,,,16.0,,,7.0,,,,,,,,,,,15.0,,,,,2.0,,,,,7.0,,,25.0,41.0,12.0,34.0,,,,,,,,,,,,,,,,,,,,,,,,,,,,,,,,,,,,,,,,,,,,,,,,,,,,,,,,,,,,,,,,,,,,,,,,,,,,,,,,,,,,,,,,,,,,,,,,,
1330492606,,1.0,,,,,,,1.0,,,,,,,,,,,,,,,,,,,,,,,,1.0,,,,,,,,,,,,,,,,,,,,,,,,,,,,,,,,,,,,,,,,,,,,,,,,,,,,,,,,,,,,,,,,,,,,,,,,,,,,,,,,,,,,,,,,,,,,,,,,,,,,,
37526125,,20.0,,,,,10.0,,,4.0,,,,,,,,,,,2.0,,,,,9.0,,,,,12.0,,,13.0,19.0,3.0,7.0,,,,,,,,,,,,,,,,,,,,,,,,,,,,,,,,,,,,,,,,,,,,,,,,,,,,,,,,,,,,,,,,,,,,,,,,,,,,,,,,,,,,,,,,,,,,,,,,,
1105983261,,98.0,,,,,124.0,,,121.0,,,,,,,,,,,194.0,,,,,30.0,,,,,41.0,,,203.0,198.0,151.0,140.0,,,,,,,,,,,,,,,,,,,,,,,,,,,,,,,,,,,,,,,,,,,,,,,,,,,,,,,,,,,,,,,,,,,,,,,,,,,,,,,,,,,,,,,,,,,,,,,,,
1995594317,,1.0,,,,7.0,4.0,,,,,,,,,,,,,,,,,,,,,,,,,,,,,,,9.0,6.0,3.0,1.0,1.0,,,,,,,,,,,,,,,,,,,,,,,,,,,,,,,,,,,,,,,,,,,,,,,,,,,,,,,,,,,,,,,,,,,,,,,,,,,,,,,,,,,,,,,,,,,,
34585311,,54.0,,,,,19.0,,,,,,,,,,,,,,3.0,,,,,13.0,,,,,11.0,,,55.0,61.0,48.0,60.0,,,,,,,,,,,,,,,,,,,,,,,,,,,,,,,,,,,,,,,,,,,,,,,,,,,,,,,,,,,,,,,,,,,,,,,,,,,,,,,,,,,,,,,,,,,,,,,,,
37179243,,2.0,,,,,,,,,,,,,,,,,,,1.0,,,,,1.0,,,,,,,,,,1.0,1.0,,,,,,,,,,,,,,,,,,,,,,,,,,,,,,,,,,,,,,,,,,,,,,,,,,,,,,,,,,,,,,,,,,,,,,,,,,,,,,,,,,,,,,,,,,,,,,,,,
17032791,,,,,,2.0,1.0,,1.0,,,,,,,,,,,,,,,,,,,,,,,,,,,,,,,,,,1.0,1.0,1.0,1.0,,,,,,,,,,,,,,,,,,,,,,,,,,,,,,,,,,,,,,,,,,,,,,,,,,,,,,,,,,,,,,,,,,,,,,,,,,,,,,,,,,,,,,,,
876072168,,255.0,,,,,98.0,,,111.0,,,,,,,,,,,349.0,,,,,,,,,307.0,56.0,16.0,49.0,,,,,,,,,,,,,,,,,,,,,,,,,,,,,,,,,,,,,,,,,,,,,,,,,,,,,,,,,,,,,,,,,,,,,,,,,,,,,,,,,,,,,,,,,,,,,,,,,,,,,
11583650,,357.0,,,,,63.0,76.0,227.0,,,22.0,,461.0,,,,,,,268.0,,,,,,,,,492.0,,,,,,,,,,,,,,,,,529.0,78.0,,,,,,,,,,,,,,,,,,,,,,,,,,,,,,,,,,,,,,,,,,,,,,,,,,,,,,,,,,,,,,,,,,,,,,,,,,,,,,,,,,,,,,
30989476,,1.0,,,,1.0,,,,,,,,,,,,,,,,,,,,,,,,,,,,,,,,,,,,,,,,,,,,,,,,,,,,,,,,,,,,,,,,,,,,,,,,,,,,,,,,,,,,,,,,,,,,,,,,,,,,,,,,,,,,,,,,,,,,,,,,,,,,,,,,
1829863449,228.0,356.0,,,269.0,,96.0,82.0,,,,,,,,,,,,,,,,,,,,,,604.0,376.0,7.0,3.0,,,,,,,,,,,,,,,,485.0,,,,,,,,,,,,,,,,,,,,,,,,,,,,,,,,,,,,,,,,,,,,,,,,,,,,,,,,,,,,,,,,,,,,,,,,,,,,,,,,,,,,,
17085499,,,,,,,,,,,,,,,,,,,,,,,,,,,,,,,,,,,,,,,,,,,,,,,,,,1.0,,,,,,,,,,,,,,,,,,,,,,,,,,,,,,,,,,,,,,,,,,,,,,,,,,,,,,,,,,,,,,,,,,,,,,,,,,,,,,,,,,,,
13481076,,,,,,,,,1.0,,,,,,,,,,,,,,,,,,,,,,,,,,,,,,,,,,,,,,,,,,,,,,,,,,,,,,,,,,,,,,,,,,,,,,,,,,,,,,,,,,,,,,,,,,,,,,,,,,,,,,,,,,,,,,,,,,,,,,,,,,,,,
1365089521,,186.0,,,34.0,,108.0,,,44.0,,,,,,,,,,,302.0,,,,,3.0,,,,198.0,82.0,11.0,6.0,9.0,3.0,,1.0,,,,,,,,,,,,,,,,,,,,,,,,,,,,,,,,,,,,,,,,,,,,,,,,,,,,,,,,,,,,,,,,,,,,,,,,,,,,,,,,,,,,,,,,,,,,,,,,,
11656926,,296.0,,,,,96.0,69.0,269.0,,,7.0,,500.0,,,,,,,405.0,,,,,,,,,485.0,,,,,,,,,,,,,,,,,173.0,92.0,,,,,,,,,,,,,,,,,,,,,,,,,,,,,,,,,,,,,,,,,,,,,,,,,,,,,,,,,,,,,,,,,,,,,,,,,,,,,,,,,,,,,,
32378272,,147.0,,,,,67.0,,,123.0,,,,,,,,,,,86.0,,,,,,,,,125.0,71.0,80.0,19.0,,,,,,,,,,,,,,,,,,,,,,,,,,,,,,,,,,,,,,,,,,,,,,,,,,,,,,,,,,,,,,,,,,,,,,,,,,,,,,,,,,,,,,,,,,,,,,,,,,,,,
1436374298,,4.0,,,,,1.0,1.0,8.0,,,,,4.0,,,,,,,2.0,,,,,,,,,5.0,,,1.0,,,,,,,,,,,,,,,,,,4.0,,,,,,,,,,,,,,,,,,,,,,,,,,,,,,,,,,,,,,,,,,,,,,,,,,,,,,,,,,,,,,,,,,,,,,,,,,,,,,,,,,,
1425717103,8.0,,,,,22.0,10.0,,,,,,,,,,,,,,,,,,,,,,,,,,,,,,,,,,,,,,,,,,,,,24.0,21.0,18.0,16.0,12.0,9.0,7.0,,,,,,,,,,,,,,,,,,,,,,,,,,,,,,,,,,,,,,,,,,,,,,,,,,,,,,,,,,,,,,,,,,,,,,,,,,,,
34647096,,220.0,,,,,27.0,51.0,193.0,,,4.0,,388.0,,,,,,,207.0,,,,,,,,,227.0,,,,,,,,,,,,,,,,,86.0,105.0,,,,,,,,,,,,,,,,,,,,,,,,,,,,,,,,,,,,,,,,,,,,,,,,,,,,,,,,,,,,,,,,,,,,,,,,,,,,,,,,,,,,,,
17048171,,53.0,,,,,12.0,8.0,71.0,,,3.0,,78.0,,,,,,,38.0,,,,,,,,,35.0,,,,,,,,,,,,,,,,,,16.0,,,,,,,,,,,13.0,,,,,,,,,,,,,,,,,,,,,,,,,,,,,,,,,,,,,,,,,,,,,,,,,,,,,,,,,,,,,,,,,,,,,,,,,,,
36194405,,81.0,,,,,25.0,,,3.0,,,,,,,,,,,68.0,,,,,113.0,,,,,11.0,,,64.0,65.0,19.0,50.0,,,,,,,,,,,,,,,,,,,,,,,,,,,,,,,,,,,,,,,,,,,,,,,,,,,,,,,,,,,,,,,,,,,,,,,,,,,,,,,,,,,,,,,,,,,,,,,,,
13028494,,910.0,,,,,637.0,,,373.0,,,,,,,,,,,267.0,,,,,,,,,907.0,415.0,94.0,17.0,,,,,,,,,,,,,,,,,,,,,,,,,,,,,,,,,,,,,,,,,,,,,,,,,,,,,,,,,,,,,,,,,,,,,,,,,,,,,,,,,,,,,,,,,,,,,,,,,,,,,
30995351,38.0,9.0,,,,17.0,5.0,,14.0,,,,,,,,,,,,,,,,,,,,,,,,,,,,,,,,,,,,,,,,,5.0,,,,,,,,,,18.0,7.0,3.0,3.0,,,,,,,,,,,,,,,,,,,,,,,,,,,,,,,,,,,,,,,,,,,,,,,,,,,,,,,,,,,,,,,,,,,,,,,
17063446,,,,,,32.0,5.0,,17.0,,,,,,,,,,,,,,,,,,,,,,,,,,,,,,,,,,22.0,9.0,25.0,7.0,,,,,,,,,,,,,,,,,,9.0,6.0,2.0,,,,,,,,,,,,,,,,,,,,,,,,,,,,,,,,,,,,,,,,,,,,,,,,,,,,,,,,,,,,,,,,,,,,
37933227,1.0,,1.0,,,1.0,,,,,1.0,,,,,,,,,,,,,,,,,,,,,,,,,,,,,,,,,,,,,,,,,,,,,,,,,,,,,,,,,,,,,,,,,,,,,,,,,,,,,,,,,,,,,,,,,,,,,,,,,,,,,,,,,,,,,,,,,,,,,,,,,,,
33907116,,359.0,,,,,121.0,,,127.0,,,,,,,,,,,35.0,,,,,133.0,,,,,527.0,,,445.0,400.0,252.0,437.0,,,,,,,,,,,,,,,,,,,,,,,,,,,,,,,,,,,,,,,,,,,,,,,,,,,,,,,,,,,,,,,,,,,,,,,,,,,,,,,,,,,,,,,,,,,,,,,,,
12437340,,,,,,3.0,2.0,,4.0,,,,,,,,,,,,,,,,,,,,,,,,,,,,,,,,,,3.0,,5.0,,,,,,,,,,,,,,,,,,,1.0,,,,,,,,,,,,,,,,,,,,,,,,,,,,,,,,,,,,,,,,,,,,,,,,,,,,,,,,,,,,,,,,,,,,,,
11621150,,4.0,,,,,1.0,,,5.0,,,,,,,,,,,,,,,,3.0,,,,,2.0,,,4.0,4.0,4.0,10.0,,,,,,,,,,,,,,,,,,,,,,,,,,,,,,,,,,,,,,,,,,,,,,,,,,,,,,,,,,,,,,,,,,,,,,,,,,,,,,,,,,,,,,,,,,,,,,,,,
1261894998,,,,,,,,,,,,,,,,,,,,,,,,,,,,,,,,,,1.0,,,,,,,,,,,,,,,,,,,,,,,,,,,,,,,,,,,,,,,,,,,,,,,,,,,,,,,,,,,,,,,,,,,,,,,,,,,,,,,,,,,,,,,,,,,,,,,,,,,,
17076269,,3.0,,,,,,,,,,,,1.0,,,,,,,1.0,,,,,,,,,1.0,1.0,,1.0,,,,,,,,,,,,,,,,,,,,,,,,,,,,,,,,,,,,,,,,,,,,,,,,,,,,,,,,,,,,,,,,,,,,,,,,,,,,,,,,,,,,,,,,,,,,,,,,,,,,,
1961414272,,492.0,,,,,61.0,,,244.0,,,,,,,,,,,321.0,,,,,,,,,611.0,204.0,44.0,12.0,,,,,,,,,,,,,,,,,,,,,,,,,,,,,,,,,,,,,,,,,,,,,,,,,,,,,,,,,,,,,,,,,,,,,,,,,,,,,,,,,,,,,,,,,,,,,,,,,,,,,
13136978,,139.0,,,,242.0,53.0,,244.0,53.0,,,,,,,,,,,,,,7.0,,,,,,,74.0,,,,,,,,,,,,,,,,,,,133.0,,,,,,,,,,,,,,,,,30.0,6.0,1.0,,,,,,,,,,,,,,,,,,,,,,,,,,,,,,,,,,,,,,,,,,,,,,,,,,,,,,,,,,,,,,,,,
11734123,,83.0,,,,,27.0,,,16.0,,,,,,,,,,,39.0,,,,,25.0,,,,,36.0,,,86.0,84.0,39.0,104.0,,,,,,,,,,,,,,,,,,,,,,,,,,,,,,,,,,,,,,,,,,,,,,,,,,,,,,,,,,,,,,,,,,,,,,,,,,,,,,,,,,,,,,,,,,,,,,,,,
12047800,,600.0,,,,,114.0,124.0,661.0,,,22.0,,1235.0,,,,,,,1166.0,,,,,,,,,909.0,,,,,,,,,,,,,,,,,,195.0,,,,,,,,,,,223.0,,,,,,,,,,,,,,,,,,,,,,,,,,,,,,,,,,,,,,,,,,,,,,,,,,,,,,,,,,,,,,,,,,,,,,,,,,,
31234634,,13.0,,,,,17.0,,,,,,,,,,,,,,,,,6.0,,13.0,,,,,,,,,,,,,,,,,,,,,,,,,25.0,,,,,,,,,,,,,,,,,,,12.0,9.0,6.0,5.0,3.0,,,,,,,,,,,,,,,,,,,,,,,,,,,,,,,,,,,,,,,,,,,,,,,,,,,,,,,,,,,,
11555793,,324.0,,,,,105.0,,,126.0,,,,,,,,,,,317.0,,,,,,,,,485.0,62.0,27.0,15.0,,,,,,,,,,,,,,,,,,,,,,,,,,,,,,,,,,,,,,,,,,,,,,,,,,,,,,,,,,,,,,,,,,,,,,,,,,,,,,,,,,,,,,,,,,,,,,,,,,,,,
1931001790,2.0,,,,,,,,,,,,,,,,,,,,,,,1.0,,,,,,,,,,,,,,,,,,,,,,,,,,,,,,,,,,,,,,,,,,,,2.0,,,2.0,,,1.0,2.0,,,,,,,,,,,,,,,,,,,,,,,,,,,,,,,,,,,,,,,,,,,,,,,,,,,,,,,,,,,
1213904047,,,,,,,,,1.0,,,,,,,,,,,,,,,,,,,,,,,,,,,,,,,,,,,,,,,,,,,,,,,,,,,,,,,,,,,,,,,,,,,,,,,,,,,,,,,,,,,,,,,,,,,,,,,,,,,,,,,,,,,,,,,,,,,,,,,,,,,,,
12995388,,35.0,,,,,46.0,5.0,1.0,,1.0,2.0,,2.0,,,,,,,14.0,,,,,,,,,63.0,,,,,,,,,,,,,,,,,,,,,,,,,,,,,,,,,,,,,,,,,,,,,,7.0,,,,,,,,,,,,,,,,,,,,,,,,,,,,,,,,,,,,,,,,,,,,,,,,,,,,,,,,,,
1241932478,,24.0,,,,54.0,20.0,,,,,,,,,,,,,,,,,,,,,,,9.0,7.0,,9.0,,,,8.0,,,,,,,,,,,17.0,,,24.0,,,,,,,,,,,,,,,,,,,,,,,,,,30.0,,,,,,,,,,,,,,,,,,,,,,,,,,,,,,,,,,,,,,,,,,,,,,,,,,,,,,,,,
11562701,,133.0,,,,,53.0,,,8.0,,,,,,,,,,,213.0,,,,,86.0,,,,,6.0,,,46.0,73.0,9.0,33.0,,,,,,,,,,,,,,,,,,,,,,,,,,,,,,,,,,,,,,,,,,,,,,,,,,,,,,,,,,,,,,,,,,,,,,,,,,,,,,,,,,,,,,,,,,,,,,,,,
11621632,,101.0,,,,,119.0,,,13.0,,,,,,,,,,,49.0,,,,,57.0,,,,,87.0,,,63.0,69.0,34.0,83.0,,,,,,,,,,,,,,,,,,,,,,,,,,,,,,,,,,,,,,,,,,,,,,,,,,,,,,,,,,,,,,,,,,,,,,,,,,,,,,,,,,,,,,,,,,,,,,,,,
1759003205,,,,,,,,,,,,,,,,,,,,,,,,,,,,,,,,,,,,,1.0,,,,,,,,,,,,,,,,,,,,,,,,,,,,,,,,,,,,,,,,,,,,,,,,,,,,,,,,,,,,,,,,,,,,,,,,,,,,,,,,,,,,,,,,,,,,,,,,,
1349894872,,42.0,,,,,12.0,,,41.0,,,,,,,,,,,89.0,,,,,,,,,124.0,8.0,4.0,5.0,,,,,,,,,,,,,,,,,,,,,,,,,,,,,,,,,,,,,,,,,,,,,,,,,,,,,,,,,,,,,,,,,,,,,,,,,,,,,,,,,,,,,,,,,,,,,,,,,,,,,
19484849,,23.0,,,,,5.0,,,3.0,,,,,,,,,,,18.0,,,,,19.0,,,,,5.0,,,14.0,18.0,4.0,13.0,,,,,,,,,,,,,,,,,,,,,,,,,,,,,,,,,,,,,,,,,,,,,,,,,,,,,,,,,,,,,,,,,,,,,,,,,,,,,,,,,,,,,,,,,,,,,,,,,
12978248,,183.0,,,,,35.0,,,27.0,,,,,,,,,,,169.0,,,,,101.0,,,,,47.0,,,123.0,110.0,29.0,102.0,,,,,,,,,,,,,,,,,,,,,,,,,,,,,,,,,,,,,,,,,,,,,,,,,,,,,,,,,,,,,,,,,,,,,,,,,,,,,,,,,,,,,,,,,,,,,,,,,
36377192,,4.0,,,,15.0,2.0,,2.0,,,,,,,,,,,,,,,,,,,,,,,,,,,,,,,,,,,,,,,,,4.0,,,,,,,,,,15.0,2.0,4.0,8.0,,,,,,,,,,,,,,,,,,,,,,,,,,,,,,,,,,,,,,,,,,,,,,,,,,,,,,,,,,,,,,,,,,,,,,,
12200322,,111.0,,,,,108.0,,,14.0,,,,,,,,,,,18.0,,,,,51.0,,,,,16.0,,,70.0,141.0,121.0,251.0,,,,,,,,,,,,,,,,,,,,,,,,,,,,,,,,,,,,,,,,,,,,,,,,,,,,,,,,,,,,,,,,,,,,,,,,,,,,,,,,,,,,,,,,,,,,,,,,,
38644454,,2.0,,,,,1.0,,,,,,,1.0,,,,,,,,,,,,,,,,,,,,,,,,,,,,,,,,,,,,,,,,,,,,,,,,,,,,,,,,,,,,,,,,,,,,,,,,,,,,,,,,,,,,,,,,,,,,,,,,,,,,,,,,,,,,,,,,,,,,,,,,
12870248,,244.0,,,,,58.0,26.0,75.0,,,,,135.0,,,,,,,124.0,,,,,,,,,326.0,59.0,,9.0,,,,,,,,,,,,,,,,,,97.0,,,,,,,,,,,,,,,,,,,,,,,,,,,,,,,,,,,,,,,,,,,,,,,,,,,,,,,,,,,,,,,,,,,,,,,,,,,,,,,,,,,
36992417,,210.0,,,,,201.0,31.0,238.0,,,8.0,,751.0,,,,,,,180.0,,,,,,,,,302.0,,,,,,,,,,,,,,,,,,101.0,,,,,,,,,,,61.0,,,,,,,,,,,,,,,,,,,,,,,,,,,,,,,,,,,,,,,,,,,,,,,,,,,,,,,,,,,,,,,,,,,,,,,,,,,
20054479,,,,,,,,,2.0,,,,,,,,,,,,,,,,,,,,,,,,,,,,,,,,,,,,,,,,,,,,,,,,,,,,,,,,,,,,,,,,,,,,,,,,,,,,,,,,,,,,,,,,,,,,,,,,,,,,,,,,,,,,,,,,,,,,,,,,,,,,,
12781734,,23.0,,,,,8.0,3.0,56.0,,,,,55.0,,,,,,,31.0,,,,,,,,,18.0,9.0,,2.0,,,,,,,,,,,,,,,,,,11.0,,,,,,,,,,,,,,,,,,,,,,,,,,,,,,,,,,,,,,,,,,,,,,,,,,,,,,,,,,,,,,,,,,,,,,,,,,,,,,,,,,,
11491279,,141.0,,,,,50.0,,,27.0,,,,,,,,,,,141.0,,,,,,,,,200.0,26.0,6.0,5.0,,,,,,,,,,,,,,,,,,,,,,,,,,,,,,,,,,,,,,,,,,,,,,,,,,,,,,,,,,,,,,,,,,,,,,,,,,,,,,,,,,,,,,,,,,,,,,,,,,,,,
87507385,,39.0,,,,,50.0,,,15.0,,,,,,,,,,,25.0,,,,,,,,,1.0,3.0,,1.0,,,,,,,,,,,,,,,,,,,,,,,,,,,,,,,,,,,,,,,,,,,,,,,,,,,,,,,,,,,,,,,,,,,,,,,,,,,,,,,,,,,,,,,,,,,,,,,,,,,,,
16929045,,99.0,,,,181.0,84.0,,149.0,,,,,,,,,,,,,,,11.0,,,,,,,49.0,,,,,,,,,,,,,,,,,,,171.0,,,,,,,,,,,,,,,,,42.0,7.0,2.0,,,,,,,,,,,,,,,,,,,,,,,,,,,,,,,,,,,,,,,,,,,,,,,,,,,,,,,,,,,,,,,,,
1457549416,,1.0,,,,43.0,13.0,,19.0,,,,,,,,,,,,,,,4.0,,,,,,,25.0,,,,,,,,,,,,,,,,,,,34.0,,,,,,,,,,,,,,,,,21.0,6.0,5.0,,,,,,,,,,,,,,,,,,,,,,,,,,,,,,,,,,,,,,,,,,,,,,,,,,,,,,,,,,,,,,,,,
1593924529,,3.0,,,,9.0,2.0,,1.0,,,,,,,,,,,,,,,,,,,,,,5.0,,,,,,,,,,,,,,,,,,,6.0,,,,,,,,,,,,,,,,,1.0,1.0,1.0,,,,,,,,,,,,,,,,,,,,,,,,,,,,,,,,,,,,,,,,,,,,,,,,,,,,,,,,,,,,,,,,,
1662802899,,12.0,,,,24.0,6.0,,6.0,,,,,,,,,,,,,,,1.0,,,,,,,5.0,,,,,,,,,,,,,,,,,,,15.0,,,,,,,,,,,,,,,,,7.0,2.0,1.0,,,,,,,,,,,,,,,,,,,,,,,,,,,,,,,,,,,,,,,,,,,,,,,,,,,,,,,,,,,,,,,,,
21607831,,143.0,,,,,36.0,22.0,161.0,,,,,204.0,,,,,,,154.0,,,,,,,,,79.0,9.0,,3.0,,,,,,,,,,,,,,,,,,102.0,,,,,,,,,,,,,,,,,,,,,,,,,,,,,,,,,,,,,,,,,,,,,,,,,,,,,,,,,,,,,,,,,,,,,,,,,,,,,,,,,,,
17009154,,,,,,2.0,,,,,,,,,,,,,,,,,,,,,,,,,,,,,,,,,,,,,,,,,,,,,,,,,,,,,,,,,,,,,,,,,,,,,,,,,,,,,,,,,,,,,,,,,,,,,,,,,,,,,,,,,,,,,,,,,,,,,,,,,,,,,,,,
1369820318,,509.0,,,,,119.0,,,146.0,,,,,,,,,,,387.0,,,,,156.0,,,,,62.0,,,652.0,589.0,79.0,224.0,,,,,,,,,,,,,,,,,,,,,,,,,,,,,,,,,,,,,,,,,,,,,,,,,,,,,,,,,,,,,,,,,,,,,,,,,,,,,,,,,,,,,,,,,,,,,,,,,
1276314092,,20.0,,,,59.0,,,109.0,,,,35.0,,,,,,,,42.0,,,,,,,,,,,,,,,,,,,,,45.0,,,,,,13.0,,,,,,,,,,,,,,,,,,,,,,,,,,,,,,55.0,29.0,26.0,26.0,11.0,10.0,8.0,7.0,,,,,,,,,,,,,,,,,,,,,,,,,,,,,,,,,,,,,,,,,,,,,,,,,
1556794070,,,,,,,,,,,1.0,,,1.0,,,,,,,,,,,,,,,,,,,,,,,,,,,,,,,,,,,,,,,,,,,,,,,,,,,,,,,,,,,,,,,,,,,,,,,,,,,,,,,,,,,,,,,,,,,,,,,,,,,,,,,,,,,,,,,,,,,,,,,,
11661222,,51.0,,,,,22.0,17.0,40.0,,,6.0,,122.0,,,,,,,60.0,,,,,,,,,120.0,,,,,,,,,,,,,,,,,106.0,17.0,,,,,,,,,,,,,,,,,,,,,,,,,,,,,,,,,,,,,,,,,,,,,,,,,,,,,,,,,,,,,,,,,,,,,,,,,,,,,,,,,,,,,,
37232778,,476.0,,,,,331.0,81.0,394.0,,,30.0,,769.0,,,,,,,300.0,,,,,,,,,458.0,,,,,,,,,,,,,,,,,,101.0,,,,,,,,,,,65.0,,,,,,,,,,,,,,,,,,,,,,,,,,,,,,,,,,,,,,,,,,,,,,,,,,,,,,,,,,,,,,,,,,,,,,,,,,,
11491281,,963.0,,,,,194.0,324.0,756.0,,,77.0,,1919.0,,,,,,,925.0,,,,,,,,,1732.0,,,,,,,,,,,,,,,,,413.0,313.0,,,,,,,,,,,280.0,,,,,,,,,,,,,,,,,,,,,,,,,,,,,,,,,,,,,,,,,,,,,,,,,,,,,,,,,,,,,,,,,,,,,,,,,,,
17022536,,,,,,,,,,,,,,,,,,,,,,,,,,,,,,,,,,,,,,,,,,,,,,,1.0,,,,,,,,,,,,,,,,,,,,,,,,,,,,,,,,,,,,,,,,,,,,,,,,,,,,,,,,,,,,,,,,,,,,,,,,,,,,,,,,,,,,,,,
33306659,,1010.0,,,,,452.0,,,383.0,,,,,,,,,,,180.0,,,,,833.0,,,,,1033.0,,,722.0,1054.0,434.0,1175.0,,,,,,,,,,,,,,,,,,,,,,,,,,,,,,,,,,,,,,,,,,,,,,,,,,,,,,,,,,,,,,,,,,,,,,,,,,,,,,,,,,,,,,,,,,,,,,,,,
10983870,,37.0,,,,,35.0,8.0,63.0,,,,,139.0,,,,,,,104.0,,,,,,,,,93.0,9.0,,1.0,,,,,,,,,,,,,,,,,,49.0,,,,,,,,,,,,,,,,,,,,,,,,,,,,,,,,,,,,,,,,,,,,,,,,,,,,,,,,,,,,,,,,,,,,,,,,,,,,,,,,,,,
31093439,,149.0,,,,,77.0,,,6.0,,,,,,,,,,,69.0,,,,,52.0,,,,,52.0,,,35.0,69.0,145.0,302.0,,,,,,,,,,,,,,,,,,,,,,,,,,,,,,,,,,,,,,,,,,,,,,,,,,,,,,,,,,,,,,,,,,,,,,,,,,,,,,,,,,,,,,,,,,,,,,,,,
1903421012,,429.0,,,,,171.0,,,,,,,,,,,,,,547.0,,,,,,,,,504.0,236.0,26.0,294.0,,,,,,,,,,,,,,,,,,,,,,,,,,,,,,,,,,,,,,,,,,,,,,,,,,,,,,,,,,,,,,,,,,,,,,,,,,,,,,,,,,,,,,,,,,,,,,,,,,,,,
11796130,,6.0,,,,,1.0,1.0,3.0,,,,,5.0,,,,,,,4.0,,,,,,,,,9.0,,,,,,,,,,,,,,,,,,,,,,,,,,,,,,,,,,,,,,,,,,,,,,,,,,,,,,,,,,,,,,,,,,,,,,,,,,,,,,,,,,,,,,,,,,,,,,,,,,,,,,,,
16998220,,5.0,,,,,1.0,,5.0,,,1.0,,11.0,,,,,,,4.0,,,,,,,,,4.0,,,,,,,,,,,,,,,,,,1.0,,,,,,,,,,,,,,,,,,,,,,,,,,,,,,,,,,,,,,,,,,,,,,,,,,,,,,,,,,,,,,,,,,,,,,,,,,,,,,,,,,,,,,
11600019,,139.0,,,,,13.0,25.0,145.0,,,7.0,,255.0,,,,,,,137.0,,,,,,,,,181.0,,,,,,,,,,,,,,,,,175.0,47.0,,,,,,,,,,,,,,,,,,,,,,,,,,,,,,,,,,,,,,,,,,,,,,,,,,,,,,,,,,,,,,,,,,,,,,,,,,,,,,,,,,,,,,
31838987,,1.0,,,,,,,1.0,,,1.0,,1.0,,,,,,,,,,,,,,,,1.0,,,,,,,,,,,,,,,,,,,,,,,,,,,,,,,,,,,,,,,,,,,,,,,,,,,,,,,,,,,,,,,,,,,,,,,,,,,,,,,,,,,,,,,,,,,,,,,,,,,,,,,,
11707670,,24.0,,,,,13.0,2.0,25.0,,,,,43.0,,,,,,,21.0,,,,,,,,,42.0,2.0,,,,,,,,,,,,,,,,,,,,21.0,,,,,,,,,,,,,,,,,,,,,,,,,,,,,,,,,,,,,,,,,,,,,,,,,,,,,,,,,,,,,,,,,,,,,,,,,,,,,,,,,,,
30811752,,313.0,,,,,105.0,,,149.0,,,,,,,,,,,162.0,,,,,,,,,222.0,240.0,104.0,37.0,,,,,,,,,,,,,,,,,,,,,,,,,,,,,,,,,,,,,,,,,,,,,,,,,,,,,,,,,,,,,,,,,,,,,,,,,,,,,,,,,,,,,,,,,,,,,,,,,,,,,
736300907,,2.0,,,,,,,2.0,,,,,1.0,,,,,,,1.0,,,,,,,,,1.0,1.0,,,,,,,,,,,,,,,,,,,,1.0,,,,,,,,,,,,,,,,,,,,,,,,,,,,,,,,,,,,,,,,,,,,,,,,,,,,,,,,,,,,,,,,,,,,,,,,,,,,,,,,,,,
11607760,,157.0,,,,,50.0,45.0,65.0,,,15.0,,311.0,,,,,,,54.0,,,,,,,,,121.0,,,,,,,,,,,,,,,,,103.0,53.0,,,,,,,,,,,,,,,,,,,,,,,,,,,,,,,,,,,,,,,,,,,,,,,,,,,,,,,,,,,,,,,,,,,,,,,,,,,,,,,,,,,,,,
1311209554,,260.0,,,,,88.0,30.0,424.0,,,15.0,,455.0,,,,,,,677.0,,,,,,,,,322.0,,,,,,,,,,,,,,,,,107.0,26.0,,,,,,,,,,,,,,,,,,,,,,,,,,,,,,,,,,,,,,,,,,,,,,,,,,,,,,,,,,,,,,,,,,,,,,,,,,,,,,,,,,,,,,
11846866,,1274.0,,,,,484.0,548.0,1843.0,,,52.0,,3781.0,,,,,,,2590.0,,,,,,,,,2611.0,,,,,,,,,,,,,,,,,1025.0,554.0,,,,,,,,,,,,,,,,,,,,,,,,,,,,,,,,,,,,,,,,,,,,,,,,,,,,,,,,,,,,,,,,,,,,,,,,,,,,,,,,,,,,,,
12405292,,223.0,,,,,146.0,56.0,100.0,,,6.0,,302.0,,,,,,,226.0,,,,,,,,,367.0,,,,,,,,,,,,,,,,,33.0,41.0,,,,,,,,,,,,,,,,,,,,,,,,,,,,,,,,,,,,,,,,,,,,,,,,,,,,,,,,,,,,,,,,,,,,,,,,,,,,,,,,,,,,,,
185594426,,49.0,,,,,18.0,,,2.0,,,,,,,,,,,47.0,,,,,5.0,,,,,25.0,,,70.0,40.0,26.0,31.0,,,,,,,,,,,,,,,,,,,,,,,,,,,,,,,,,,,,,,,,,,,,,,,,,,,,,,,,,,,,,,,,,,,,,,,,,,,,,,,,,,,,,,,,,,,,,,,,,
19555652,,82.0,,,,,41.0,,,34.0,,,,,,,,,,,77.0,,,,,,,,,72.0,20.0,2.0,,,,,,,,,,,,,,,,,,,,,,,,,,,,,,,,,,,,,,,,,,,,,,,,,,,,,,,,,,,,,,,,,,,,,,,,,,,,,,,,,,,,,,,,,,,,,,,,,,,,,,
38323036,,201.0,,,,,26.0,,,87.0,,,,,,,,,,,11.0,,,,,,,,,25.0,165.0,83.0,4.0,,,,,,,,,,,,,,,,,,,,,,,,,,,,,,,,,,,,,,,,,,,,,,,,,,,,,,,,,,,,,,,,,,,,,,,,,,,,,,,,,,,,,,,,,,,,,,,,,,,,,
1882939263,65.0,83.0,,,75.0,,12.0,27.0,,,,,,,,,,,,,,,,,,,,,,76.0,41.0,1.0,2.0,,,,,,,,,,,,,,,,81.0,,,,,,,,,,,,,,,,,,,,,,,,,,,,,,,,,,,,,,,,,,,,,,,,,,,,,,,,,,,,,,,,,,,,,,,,,,,,,,,,,,,,,
1870600980,,227.0,,,,,98.0,,,160.0,,,,,,,,,,,98.0,,,,,,,,,148.0,36.0,175.0,38.0,,,,,,,,,,,,,,,,,,,,,,,,,,,,,,,,,,,,,,,,,,,,,,,,,,,,,,,,,,,,,,,,,,,,,,,,,,,,,,,,,,,,,,,,,,,,,,,,,,,,,
20947594,,108.0,,,,,23.0,,,35.0,,,,,,,,,,,71.0,,,,,43.0,,,,,13.0,,,79.0,59.0,53.0,89.0,,,,,,,,,,,,,,,,,,,,,,,,,,,,,,,,,,,,,,,,,,,,,,,,,,,,,,,,,,,,,,,,,,,,,,,,,,,,,,,,,,,,,,,,,,,,,,,,,
11607804,,306.0,,,,,71.0,,,165.0,,,,,,,,,,,299.0,,,,,,,,,437.0,50.0,10.0,7.0,,,,,,,,,,,,,,,,,,,,,,,,,,,,,,,,,,,,,,,,,,,,,,,,,,,,,,,,,,,,,,,,,,,,,,,,,,,,,,,,,,,,,,,,,,,,,,,,,,,,,
1193663990,,170.0,,,,,74.0,,,59.0,,,,,,,,,,,133.0,,,,,,,,,196.0,31.0,14.0,1.0,,,,,,,,,,,,,,,,,,,,,,,,,,,,,,,,,,,,,,,,,,,,,,,,,,,,,,,,,,,,,,,,,,,,,,,,,,,,,,,,,,,,,,,,,,,,,,,,,,,,,
31923687,,21.0,,,,26.0,12.0,,18.0,,,,,,,,,,,,,,,1.0,,,,,,,5.0,,,,,,,,,,,,,,,,,,,26.0,,,,,,,,,,,,,,,,,2.0,2.0,1.0,,,,,,,,,,,,,,,,,,,,,,,,,,,,,,,,,,,,,,,,,,,,,,,,,,,,,,,,,,,,,,,,,
36935667,,91.0,,,,179.0,42.0,,234.0,,,,,,,,,,,,,,,14.0,,,,,,,89.0,,,,,,,,,,,,,,,,,,,201.0,,,,,,,,,,,,,,,,,105.0,2.0,2.0,,,,,,,,,,,,,,,,,,,,,,,,,,,,,,,,,,,,,,,,,,,,,,,,,,,,,,,,,,,,,,,,,
1477312816,90.0,33.0,,,15.0,262.0,137.0,,7.0,32.0,172.0,,,,,,,,,,220.0,,,,,,,,,291.0,71.0,,,,,,,,,,,,,,,,,,,,134.0,,,,,,,,,,,,,,,,,,,,,,,,,,,,,,,,,,,47.0,23.0,,,,,,,,,,,,,,,,,,,,,,,,,,,,,,,,,,,,,,,,,,,,,,,
1268398914,,64.0,,,,100.0,37.0,,147.0,,,,,,,,,,,,,,,9.0,,,,,,,45.0,,,,,,,,,,,,,,,,,,,124.0,,,,,,,,,,,,,,,,,73.0,3.0,3.0,,,,,,,,,,,,,,,,,,,,,,,,,,,,,,,,,,,,,,,,,,,,,,,,,,,,,,,,,,,,,,,,,
34761905,,479.0,,,,,134.0,,,169.0,,,,,,,,,,,557.0,,,,,,,,,578.0,180.0,45.0,19.0,,,,,,,,,,,,,,,,,,,,,,,,,,,,,,,,,,,,,,,,,,,,,,,,,,,,,,,,,,,,,,,,,,,,,,,,,,,,,,,,,,,,,,,,,,,,,,,,,,,,,
966468458,,14.0,,,,46.0,23.0,,11.0,55.0,,,,,,,,,,,,,,,,,,,,,13.0,,,,,,40.0,,,,,,,,,,,,,,5.0,,,,,,,,,,,,,,,,,,,,,,,,,2.0,,,,,,,,,,,,,,,,,,,,,,,,,,,,,,,,,,,,,,,,,,,,,,,,,,,,,,,,,,
13491577,,3.0,,,,7.0,,,,,,,,,,,,,,,,,,,,,,,,,2.0,,,,,,2.0,,,,,,,,,,,,,,,,,,,,,,,,,,,,,,,,,,,,,,,,2.0,,,,,,,,,,,,,,,,,,,,,,,,,,,,,,,,,,,,,,,,,,,,,,,,,,,,,,,,,
11612628,,2429.0,,,,,616.0,,,325.0,,,,,,,,,,,2794.0,,,,,2939.0,,,,,841.0,,,989.0,1376.0,762.0,1958.0,,,,,,,,,,,,,,,,,,,,,,,,,,,,,,,,,,,,,,,,,,,,,,,,,,,,,,,,,,,,,,,,,,,,,,,,,,,,,,,,,,,,,,,,,,,,,,,,,
1189851220,,235.0,,,,,101.0,,,168.0,,,,,,,,,,,78.0,,,,,42.0,,,,,358.0,,,237.0,377.0,299.0,440.0,,,,,,,,,,,,,,,,,,,,,,,,,,,,,,,,,,,,,,,,,,,,,,,,,,,,,,,,,,,,,,,,,,,,,,,,,,,,,,,,,,,,,,,,,,,,,,,,,
19584967,,1313.0,,,,,536.0,,,652.0,,,,,,,,,,,1618.0,,,,,,,,,1705.0,350.0,90.0,75.0,,,,,,,,,,,,,,,,,,,,,,,,,,,,,,,,,,,,,,,,,,,,,,,,,,,,,,,,,,,,,,,,,,,,,,,,,,,,,,,,,,,,,,,,,,,,,,,,,,,,,
13350575,,5.0,,,,,3.0,,6.0,,,,,10.0,,,,,,,6.0,,,,,,,,,20.0,,,,,,,,,,,,,,,,,,1.0,,,,,,,,,,,2.0,,,,,,,,,,,,,,,,,,,,,,,,,,,,,,,,,,,,,,,,,,,,,,,,,,,,,,,,,,,,,,,,,,,,,,,,,,,
34217478,,11.0,,,,,5.0,,,13.0,,,,,,,,,,,20.0,,,,,,,,,24.0,9.0,1.0,,,,,,,,,,,,,,,,,,,,,,,,,,,,,,,,,,,,,,,,,,,,,,,,,,,,,,,,,,,,,,,,,,,,,,,,,,,,,,,,,,,,,,,,,,,,,,,,,,,,,,
763488440,,,,,,,,,6.0,,,,,2.0,,,,,,,,,,,,,,,,2.0,,,1.0,,,,,,,,,,,,,,,,,,,,,,,,,,,,,,,,,,,,,,,,,,,,,,,,,,,,,,,,,,,,,,,,,,,,,,,,,,,,,,,,,,,,,,,,,,,,,,,,,,,,,
1783077656,102.0,41.0,,,66.0,,67.0,39.0,,,,,,,,,,,,,,,,,,,,,,145.0,85.0,10.0,6.0,,,,,,,,,,,,,,,,162.0,,,,,,,,,,,,,,,,,,,,,,,,,,,,,,,,,,,,,,,,,,,,,,,,,,,,,,,,,,,,,,,,,,,,,,,,,,,,,,,,,,,,,
12818600,,800.0,,,,,235.0,,,324.0,,,,,,,,,,,415.0,,,,,512.0,,,,,650.0,,,822.0,983.0,448.0,821.0,,,,,,,,,,,,,,,,,,,,,,,,,,,,,,,,,,,,,,,,,,,,,,,,,,,,,,,,,,,,,,,,,,,,,,,,,,,,,,,,,,,,,,,,,,,,,,,,,
17054228,,,,,,,,,1.0,,,,,,,,,,,,1.0,,,,,,,,,,,,,,,,,,,,,,,,,,,,,,,,,,,,,,,,,,,,,,,,,,,,,,,,,,,,,,,,,,,,,,,,,,,,,,,,,,,,,,,,,,,,,,,,,,,,,,,,,,,,,,,,,
11607758,,108.0,,,,,74.0,,,16.0,,,,,,,,,,,29.0,,,,,55.0,,,,,33.0,,,72.0,129.0,78.0,219.0,,,,,,,,,,,,,,,,,,,,,,,,,,,,,,,,,,,,,,,,,,,,,,,,,,,,,,,,,,,,,,,,,,,,,,,,,,,,,,,,,,,,,,,,,,,,,,,,,
389107357,,2.0,,,,,2.0,,6.0,,,,,1.0,,,,,,,,,,,,,,,,,,,1.0,,,,,,,,,,,,,,,,,,1.0,,,,,,,,,,,,,,,,,,,,,,,,,,,,,,,,,,,,,,,,,,,,,,,,,,,,,,,,,,,,,,,,,,,,,,,,,,,,,,,,,,,
1070098125,,,,,,,,,1.0,,,,,,,,,,,,,,,,,,,,,,,,,,,,,,,,,,,,,,,,,,,,,,,,,,,,,,,,,,,,,,,,,,,,,,,,,,,,,,,,,,,,,,,,,,,,,,,,,,,,,,,,,,,,,,,,,,,,,,,,,,,,,
19657645,,,,,,,,,1.0,,,,,,,,,,,,,,,,,,,,,,,,,,,,,,,,,,,,,,,,,,,,,,,,,,,,,,,,,,,,,,,,,,,,,,,,,,,,,,,,,,,,,,,,,,,,,,,,,,,,,,,,,,,,,,,,,,,,,,,,,,,,,
19650938,,1.0,,,,,,,,,,,,,,,,,,,,,,,,,,,,,,,,,,,,,,,,,,,,,,,,,,,,,,,,,,,,,,,,,,,,,,,,,,,,,,,,,,,,,,,,,,,,,,,,,,,,,,,,,,,,,,,,,,,,,,,,,,,,,,,,,,,,
17072639,,,,,,29.0,9.0,,8.0,,,,,,,,,,,,,,,,,,,,,,,,,,,,,,,,,,6.0,4.0,5.0,,,,,,,,,,,,,,,,,,,2.0,,,,,,,,,,,,,,,,,,,,,,,,,,,,,,,,,,,,,,,,,,,,,,,,,,,,,,,,,,,,,,,,,,,,,,
17076900,,,,,,,,,8.0,,,,,,,,,,,,,,,,,,,,,,,,,,,,,,,,,,,,,,,,,,,,,,,,,,,,,,,,,,,,,,,,,,,,,,,,,,,,,,,,,,,,,,,,,,,,,,,,,,,,,,,,,,,,,,,,,,,,,,,,,,,,,
17079885,,,,,,,,,1.0,,,,,,,,,,,,,,,,,,,,,,,,,,,,,,,,,,,,,,,,,,,,,,,,,,,,,,,,,,,,,,,,,,,,,,,,,,,,,,,,,,,,,,,,,,,,,,,,,,,,,,,,,,,,,,,,,,,,,,,,,,,,,
1303918587,,,,,,,,,1.0,,,,,,,,,,,,,,,,,,,,,,,,,,,,,,,,,,,,,,,,,,,,,,,,,,,,,,,,,,,,,,,,,,,,,,,,,,,,,,,,,,,,,,,,,,,,,,,,,,,,,,,,,,,,,,,,,,,,,,,,,,,,,
1097123101,8.0,,,,,,2.0,,,,,,,,,,,,,,,,,,,,,,,,,,,,,,,,,,,,,,,,,,,4.0,,,,,,,,,,,,,,,,,3.0,,3.0,,,,,,,,,,,,,,,,,,,1.0,,,,,,,,,,,,,,,,,,,,,,,,,,,,,,,,,,,,,,,,,,,,,,
38473441,51.0,61.0,,,,87.0,9.0,,111.0,40.0,,,,,,,,,,,,,,,,,,,,,,,,,,,,,,,,,,,,,,,,70.0,,,,,,,,,,109.0,29.0,44.0,6.0,,,,,,,,,,,,,,,,,,,,,,,,,,,,,,,,,,,,,,,,,,,,,,,,,,,,,,,,,,,,,,,,,,,,,,,
1171042538,22.0,,,,,,13.0,,,,,,7.0,,,,,,,,,,,,,,,,,,,,1.0,,,,,,,,,,,,,,,,,,,,,,,,,,,,,,,,,,,2.0,,,,,,,,,,,,,,,,,,,,,25.0,8.0,8.0,6.0,4.0,,,,,,,,,,,,,,,,,,,,,,,,,,,,,,,,,,,,,,,,,
19928161,,,,,,1.0,,,,,,,,,,,,,,,,,,,,,,,,,,,,,,,,,,,,,,,,,,,,,,,,,,,,,,,,,,,,,,,,,,,,,,,,,,,,,,,,,,,,,,,,,,,,,,,,,,,,,,,,,,,,,,,,,,,,,,,,,,,,,,,,
20363280,,,,,,1.0,,,,,,,,,,,,,,,,,,,,,,,,,,,,,,,,,,,,,,,,,,,,,,,,,,,,,,,,,,,,,,,,,,,,,,,,,,,,,,,,,,,,,,,,,,,,,,,,,,,,,,,,,,,,,,,,,,,,,,,,,,,,,,,,
19656235,,5.0,,,,,10.0,,31.0,,,,,7.0,,,,,,,2.0,,,,,,,,,5.0,1.0,,6.0,,,,,,,,,,,,,,,,,,7.0,,,,,,,,,,,,,,,,,,,,,,,,,,,,,,,,,,,,,,,,,,,,,,,,,,,,,,,,,,,,,,,,,,,,,,,,,,,,,,,,,,,
1834527341,,1.0,,,,2.0,,,,,,,,,,,,,,,,,,,,,1.0,,,,,,,,,,,,,,,1.0,,,,,,,,,,,,,,,,,,,,,,,,,,,,,,,,,,,,,,,,,,,,,,,,,,,,2.0,1.0,1.0,,,,,,,,,,,,,,,,,,,,,,,,,,,,,,,,,,,,,,
13481075,,,,,,,,,,,,,,1.0,,,,,,,,,,,,,,,,,,,,,,,,,,,,,,,,,,,,,,,,,,,,,,,,,,,,,,,,,,,,,,,,,,,,,,,,,,,,,,,,,,,,,,,,,,,,,,,,,,,,,,,,,,,,,,,,,,,,,,,,
1775300701,,,,,,,,,1.0,,,,,1.0,,,,,,,,,,,,,,,,1.0,,,,,,,,,,,,,,,,,,,,,,,,,,,,,,,,,,,,,,,,,,,,,,1.0,,,,,,,,,,,,,,,,,,,,,,,,,,,,,,,,,,,,,,,,,,,,,,,,,,,,,,,,,,
1966489613,3.0,1.0,,,,,2.0,,,,,,,,,,,,,,,,,3.0,,,,,,,,,,,,,,,,,,,,,,,,,,,,,,,,1.0,,,,,,,,,,,,,,,1.0,,,1.0,1.0,,,,,,,,,,,,,,,,,,,,,,,,,,,,,,,,,,,,,,,,,,,,,,,,,,,,,,,,,,,
1178793977,,1.0,,,,2.0,,,,,,,,,1.0,,,,1.0,,,,,,,,,,,,,,,,,,,,,,,,,,,,,,,,,,,,,,,,,,,,,,,,,,,,,,,,,,,,,,,,,,,,,,,,,,,,,,1.0,,,,,,,,,,,,,,,,,,,,,,,,,,,,,,,,,,,,,
11784981,2.0,2.0,3.0,,3.0,,1.0,,,,,,,,,,,,,,,,,,,,,,,,,1.0,,,,,,,,,,,,,,,,,,,,,,,,,,,,,,,,,,,,,,,,,,,,,,,,,,,,,,,,,,,,,,,,,,1.0,,,,,,,,,,,,,,,,,,,,,,,,,,,,,,,,,,,,
69170672,6.0,4.0,,,,24.0,8.0,,3.0,,13.0,,,,,,,,,,14.0,,,,,,,,,7.0,12.0,,,,,,,,,,,,,,,,,,,,4.0,,,,,,,,,,,,,,,,,,,,,,,,,,,,,,,,,,,6.0,3.0,,,,,,,,,,,,,,,,,,,,,,,,,,,,,,,,,,,,,,,,,,,,,,,
19931412,,,,,,2.0,,,,,,,,,,,,,,,,,,,,,,,,,,,1.0,,,,,,,,,,,,,,,,,,,,,,,,,,,,,,,,,,,,,,,,,,,,2.0,,,,,,,,,,,,,,,,,,,,,,,,,,,,,,,,,,,,,,,,,,,,,,,,,,,,,,,,,
1346601766,5.0,16.0,,,,18.0,9.0,,13.0,,,,,,,,,,,,2.0,,,,,,,,,1.0,1.0,,,,,,,,,,,,,,,,,,,11.0,,,,,,,,,,25.0,5.0,2.0,2.0,,,,,,,,,,,,,,,,,,,,,,,,,,,,,,,,,,,,,,,,,,,,,,,,,,,,,,,,,,,,,,,,,,,,,,,
37901655,2.0,,,,,2.0,2.0,,,,,,,,,,,,,,,,,,,,,,,,,,,,,,,,,,,,,,,,,,,,,,,,,,,,,,,,,,,,,,,,,,,,,,,,,,,,,,,,,,,,,,,,,,,,2.0,,,,,,,,,,,,,,,,,,,,,,,,,,,,,,,,,,,
1361486797,,25.0,,,,34.0,24.0,,,,,,,,,,,,,,,,,,,,14.0,,,,,,,,,,,,,,,13.0,,,,,,,,,,,,,,1.0,,,,,,,,,,,,,,,,,,,,,,,,,,,,,,,,,,,,,,,23.0,11.0,,,,49.0,9.0,,,,,,,,,,,,,,,,,,,,,,,,,,,,,,,,,
1953276134,,371.0,,,,627.0,89.0,,497.0,,,,,,,,,,,,,,,19.0,,,,,,,94.0,,,,,,,,,,,,,,,,,,,460.0,,,,,,,,,,,,,,,,,109.0,57.0,,,,,,,,,,,,,,,,,,,,,,,,,,,,,,,,,,,,,,,,,,,,,,,,,,,,,,,,,,,,,,,,,,
37558701,,,,,,2.0,,,,,,,,,,,,,,,,,,,,,,,,,,,,,,,,,,,,,,,,,,,,,,,,,,,,,,,,,,,,,,,,,,,,,,,,,,,,,,,,,,,,,,,,,,,,,,,,1.0,1.0,,,,,,,,,,,,,,,,,,,,,,,,,,,,,,,
17089163,,,,,,,,,2.0,,,,,3.0,,,,,,,2.0,,,,,,,,,2.0,1.0,,,,,,,,,,,,,,,,,,,,,,,,,,,,,,,,,,,,,,,,,,,,,,,,,,,,,,,,,,,,,,,,,,,,,,,,,,,,,,,,,,,,,,,,,,,,,,,,,,,,,,,
1331884194,1.0,6.0,,,,9.0,1.0,,,,,,,,,,,,,,1.0,,,,,,,,,,,,,,,,,,,,,,,,,,,,,4.0,,,,,,,,,,,,3.0,,,,,,,,,,,,,,,,,,,,,,,,,,,,,,,,,,,,,,,,,,,,,,,,,,,,,,,,,,,,,,,,,,,,,,,,
1016565909,107.0,72.0,,,,111.0,70.0,,,,,,,,,,,,,,18.0,,,,,,,,,,,,,,,,,,,,,,,,,,,,,72.0,,,,,,,,,,,18.0,30.0,,,,,,20.0,,,,,,,,,,,,,,,,,,,,,,,,77.0,,,,,,,,,,,,,,,,,,,,,,,,,,,,,,,,,,,,,,,,,,
37604349,,,,,,,,,,,,,,,,,,,,,,,,,,,,,,,,,,,,,,,,,,,,,,,,,,,,,,,,,,,,,,1.0,,,,,,,,,,,,,,,,,,,,,,,,,,,,,,,,,,,,,,,,,,,,,,,,,,,,,,,,,,,,,,,,,,,,,,,,
1710377994,,8.0,,,,23.0,,,1.0,,,,1.0,,,,,,,,4.0,,,,,,,,,,,,,,,,,,,,,14.0,,,,,,1.0,,,,,,,,,,,,,,,,,,,,,,,,,,,,,,,11.0,3.0,2.0,9.0,25.0,,,,,,,,,,,,,,,,,,,,,35.0,,,,,,,,,,,,,,,,,,,,,,,,,,,,,,
17083588,,,,,,,1.0,,1.0,,,,,,,,,,,,,,,,,,,,,,,,,,,,,,,,,,,,,,,,,,,,,,,,,,,,,,,,,,,,,,,,,,,,,,,,,,,,,,,,,,,,,,,,,,,,,,,,,,,,,,,,,,,,,,,,,,,,,,,,,,,,,
17066412,,1.0,,,,,6.0,,10.0,,,,,6.0,,,,,,,1.0,,,,,,,,,4.0,,,2.0,,,,,,,,,,,,,,,,,,1.0,,,,,,,,,,,,,,,,,,,,,,,,,,,,,,,,,,,,,,,,,,,,,,,,,,,,,,,,,,,,,,,,,,,,,,,,,,,,,,,,,,,
11681311,2.0,,,,,,3.0,,,,,,,,,,,,,,,,,,,,,,1.0,,,,,,,,,,,,,,,,,,,,,,,,,,,,,,,,,,,,,,,,,,1.0,,,1.0,3.0,,,,,,,,,,,,,,,,,,,,,,,,,,,,,,,,,,,,,,,,,,,,,,,,,,,,,,,,,,,
1516228281,,1.0,,,,12.0,3.0,,3.0,,,,,,,,,,,,,,,4.0,,,,,,,4.0,,,,,,,,,,,,,,,,,,,7.0,,,,,,,,,,,,,,,,,4.0,1.0,6.0,,,,,,,,,,,,,,,,,,,,,,,,,,,,,,,,,,,,,,,,,,,,,,,,,,,,,,,,,,,,,,,,,
21251676,,,,,,,,,1.0,,,,,,,,,,,,,,,,,,,,,,,,,,,,,,,,,,,,,,,,,,,,,,,,,,,,,,,,,1.0,,,,,,,,,,,,,,,,,,,,,,,,,,,,,,,,,,,,,,,,,,,,,,,,,,,,,,,,,,,,,,,,,,,,
17034205,,,,,,,,1.0,,,,,,,,,,,,,,,,,,,,,,,,,,,,,,,,,,,,,,,,,,,,,,,,,,,,,,,,,,,,,,,,,,,,,,,,,,,,,,,,,,,,,,,,,,,,,,,,,,,,,,,,,,,,,,,,,,,,,,,,,,,,,,
17033101,,,,,,,,1.0,,,,,,,,,,,,,,,,,,,,,,,,,,,,,,,,,,,,,,,,,,,,,,,,,,,,,,,,,,,,,,,,,,,,,,,,,,,,,,,,,,,,,,,,,,,,,,,,,,,,,,,,,,,,,,,,,,,,,,,,,,,,,,
37746343,,23.0,,,,132.0,43.0,,6.0,,,,,,,,,,,,,,,114.0,,,,,,,29.0,,,,,,,,,,,,,,,,,,,116.0,,,,,,,,,,,,,,,,,30.0,21.0,37.0,,,,,,,,,,,,,,,,,,,,,,,,,,,,,,,,,,,,1.0,,,,,,,,,,,,,,,,,,,,,,,,,,,,,
13109923,,,,,,1.0,,,,,,,,,,,,,,,,,,,,,,,,,,,,,,,,,,,,,,,,,,,,,1.0,,,,,,,,,,,,,,,,,,,,,,,,,,,,,,,,,,,,,,,,,,,,,,,,,,,,,,,,,,,,,,,,,,,,,,,,,,,,,,,,,,,
13072135,,56.0,,,,,40.0,6.0,21.0,,,4.0,,85.0,,,,,,,19.0,,,,,,,,,43.0,,,,,,,,,,,,,,,,,,14.0,,,,,,,,,,,10.0,,,,,,,,,,,,,,,,,,,,,,,,,,,,,,,,,,,,,,,,,,,,,,,,,,,,,,,,,,,,,,,,,,,,,,,,,,,
16805113,,,,,,2.0,,,,,,,,,,,,,,,,,,,,,,,,,,,,,,,,,,,,2.0,,,,,,,,,,,,,,,,,,,,,,,,,,,,,,,,,,,,,,,,2.0,1.0,,,,4.0,,,,,,,,,,,,,,,,,,,1.0,1.0,,,,,,,,,,,,,,,,,,,,,,,,,,,
19656223,,,,,,,,,2.0,,,,,,,,,,,,,,,,,,,,,,,,,,,,,,,,,,,,,,,,,,,,,,,,,,,,,,,,,,,,,,,,,,,,,,,,,,,,,,,,,,,,,,,,,,,,,,,,,,,,,,,,,,,,,,,,,,,,,,,,,,,,,
38508070,,3.0,,,,4.0,,,8.0,,,,10.0,,,,,,,,6.0,,,,,,,,,,,,,,,,,,,,,5.0,,,,,,,,,,,,,,,,,,,,,,,,,,,,,,,,,,,,8.0,4.0,1.0,6.0,,2.0,,5.0,,,,,,,,,,,,,,,,,,,,,,,,,,,,,,,,,,,,,,,,,,,,,,,,,
21873408,,3.0,,,,129.0,27.0,,138.0,,,,,,,,,,,,,,,7.0,,,,,,,8.0,,,,,,,,,,,,,,,,,,,82.0,,,,,,,,,,,,,,,,,90.0,3.0,10.0,,,,,,,,,,,,,,,,,,,,,,,,,,,,,,,,,,,,,,,,,,,,,,,,,,,,,,,,,,,,,,,,,
1318359763,,7.0,,,,81.0,25.0,,70.0,,,,,,,,,,,,,,,5.0,,,,,,,7.0,,,,,,,,,,,,,,,,,,,54.0,,,,,,,,,,,,,,,,,44.0,4.0,2.0,,,,,,,,,,,,,,,,,,,,,,,,,,,,,,,,,,,,,,,,,,,,,,,,,,,,,,,,,,,,,,,,,
12099873,,5.0,,,,4.0,2.0,,5.0,,,,,,,,,,,,,,,,,,,,,,2.0,,,,,,,,,,,,,,,,,,,6.0,,,,,,,,,,,,,,,,,3.0,,,,,,,,,,,,,,,,,,,,,,,,,,,,,,,,,,,,,,,,,,,,,,,,,,,,,,,,,,,,,,,,,,,
1020674760,,48.0,,,,47.0,12.0,,77.0,,,,,,,,,,,,,,,2.0,,,,,,,5.0,,,,,,,,,,,,,,,,,,,28.0,,,,,,,,,,,,,,,,,66.0,,,,,,,,,,,,,,,,,,,,,,,,,,,,,,,,,,,,,,,,,,,,,,,,,,,,,,,,,,,,,,,,,,,
1277340604,,14.0,,,,58.0,48.0,,38.0,,,,,,,,,,,,,,,1.0,,,,,,,7.0,,,,,,,,,,,,,,,,,,,43.0,,,,,,,,,,,,,,,,,34.0,1.0,1.0,,,,,,,,,,,,,,,,,,,,,,,,,,,,,,,,,,,,,,,,,,,,,,,,,,,,,,,,,,,,,,,,,
1743710148,,18.0,,,,49.0,25.0,,26.0,,,,,,,,,,,,,,,3.0,,,,,,,11.0,,,,,,,,,,,,,,,,,,,31.0,,,,,,,,,,,,,,,,,14.0,5.0,,,,,,,,,,,,,,,,,,,,,,,,,,,,,,,,,,,,,,,,,,,,,,,,,,,,,,,,,,,,,,,,,,
38231853,,3.0,,,,4.0,1.0,,2.0,,,,,,,,,,,,,,,,,,,,,,3.0,,,,,,,,,,,,,,,,,,,2.0,,,,,,,,,,,,,,,,,1.0,,1.0,,,,,,,,,,,,,,,,,,,,,,,,,,,,,,,,,,,,,,,,,,,,,,,,,,,,,,,,,,,,,,,,,
1088067500,,1.0,,,,49.0,,,130.0,,,,55.0,,,,,,,,86.0,,,,,,,,,,,,,,,,,,,,,46.0,,,,,,14.0,,,,,,,,,,,,,,,,,,,,,,,,,,,,,,84.0,40.0,7.0,12.0,2.0,41.0,14.0,75.0,,,,,,,,,,,,,,,,,,,,,,,,,,,,,,,,,,,,,,,,,,,,,,,,,
1904496897,1.0,,,,,5.0,,,,,,,,,,,,,,,,,,,,,,,,,,,,,,,,,,,,,,,,,,,,,,,,,,,,,,,,,,,,,,,,,,,,,,,,,,,,,,,,,,,,,,,,,,,,,,,,,,,,,,,,,,,,,,,,,,,,,,,,,,,,,,,,
1367461796,,,,,,1.0,,,,,1.0,,,,,,,,,,,,,,,,,,,1.0,1.0,,,,,,,,,,,,,,,,,,,,,,,,,,,,,,,,,,,,,,,,,,,,,,,,,,,,,,,2.0,,,,,,,,,,,,,,,,,,,,,,,,,,,,,,,,,,,,,,,,,,,,,,,,
21274577,,,,,,2.0,,,,,,,,,,,,,,,,,,,,,,,,,,,,,,,,,,,,,1.0,,1.0,,,,,,,,,,,,,,,,,,,,,1.0,,,,,,,,,,,,,,,,,,,,,,,,,,,,,,,,,,,,,,,,,,,,,,,,,,,,,,,,,,,,,,,,,,,,
13537960,,,,,,,,1.0,,,,,,,,,,,,,,,,,,,,,,2.0,,,,,,,,,,,,,,,,,,,,,,,,,,,,,,,,,,,,,,,,,,,,,,,,,,,,,,,,,,,,,,,,,,,,,,,,,,,,,,,,,,,,,,,,,,,,,,,,,,,,,,,,
1757821725,13.0,19.0,,,5.0,,7.0,4.0,,,,,,,,,,,,,,,,,,,,,,15.0,6.0,1.0,1.0,,,,,,,,,,,,,,,,23.0,,,,,,,,,,,,,,,,,,,,,,,,,,,,,,,,,,,,,,,,,,,,,,,,,,,,,,,,,,,,,,,,,,,,,,,,,,,,,,,,,,,,,
33346894,,5.0,,,,,4.0,,1.0,,,,,9.0,,,,,,,4.0,,,,,,,,,13.0,,,,,,,,,,,,,,,,,16.0,1.0,,,,,,,,,,,,,,,,,,,,,,,,,,,,,,,,,,,,,,,,,,,,,,,,,,,,,,,,,,,,,,,,,,,,,,,,,,,,,,,,,,,,,,
19828026,,,,,,,,,,,,,,1.0,,,,,,,,,,,,,,,,,,,,,,,,,,,,,,,,,,,,,,,,,,,,,,,,,,,,,,,,,,,,,,,,,,,,,,,,,,,,,,,,,,,,,,,,,,,,,,,,,,,,,,,,,,,,,,,,,,,,,,,,
17041410,,1.0,,,,,,,2.0,,,,,,,,,,,,,,,,,,,,,,,,,,,,,,,,,,,,,,,,,,,,,,,,,,,,,,,,,,,,,,,,,,,,,,,,,,,,,,,,,,,,,,,,,,,,,,,,,,,,,,,,,,,,,,,,,,,,,,,,,,,,,
1911790757,2.0,,,,,3.0,,,,,,,,,,,,,,,,,,1.0,1.0,,3.0,3.0,1.0,,,,,,,,,,,,,,,,,,,,,,,,,,,,,,,,,,,,,,,,,,,,,,,,,,,,,,,,,,,,,,,,,,,,,,,,,,,,,,,,,,,,,,,,,,,,,,,,,,,,,,,,,
37817998,,1.0,,,,,1.0,,,,,,,,,,,,,,,,,,,,,,1.0,,,,,,,,,,,,,,,,,,,,,,,,,,,,,,,,,,,,,,,,,,,,,,,,,,,,,,,,,,,,,,,,,,,,,,,,,,,,,,,,,,,,,,,,,,,,,,,,,,,,,,,,,
1311494555,2.0,,,,,2.0,1.0,,,,,,,,,,,,,,,,,,,1.0,,,,,,,,,,,,,,,,,,,,,,,,,,,,,,,,,,,,,,,,,,,,,,,,,,,,,,,,,,,,,,,,,,,,,,,,,,,,,,,,,,,,,,,,,,,,,,,,,,,,,,,,,,,,
1625029269,,1.0,,,,1.0,,,1.0,,,,,,,,,,,,,,,,,,,,,,,,,,,,,,,,,,,,,,,,,1.0,,,,,,,,,,,,,,,,,1.0,,,,,,,,,,,,,,,,,,,,,,,,,,,,,,,,,,,,,,,,,,,,,,,,,,,,,,,,,,,,,,,,,,,
35929011,2.0,,,,,3.0,1.0,,,,,,,,,,,,,,,,,,,,,,,,,,,,,,,,,,,,,,,,,,,,,,,,,,,,,,,,,,,,,,,,,,,,,,,,,,,,,,,,,,,,,,,,,,,,,,,,,,,,,3.0,1.0,1.0,,,,,,,,,,,,,,,,,,,,,,,,
39584494,,49.0,,,,150.0,25.0,,130.0,,,,,,,,,,,,,,,7.0,,,,,,,60.0,,,,,,,,,,,,,,,,,,,89.0,,,,,,,,,,,,,,,,,24.0,9.0,,,,,,,,,,,,,,,,,,,,,,,,,,,,,,,,,,,,,,,,,,,,,,,,,,,,,,,,,,,,,,,,,,
12453098,,,,,,,,,,,,,,,,,,,,,,,,,,,,,,,1.0,,,,,,,,,,,,,,,,,,,,,,,,,,,,,,,,,,,,,,,,,,,,,,,,,,,,,,,,,,,,,,,,,,,,,,,,,,,,,,,,,,,,,,,,,,,,,,,,,,,,,,,
32165845,,14.0,,,,,16.0,,,57.0,,,,,,,,,,,32.0,,,,,18.0,,,,,47.0,,,40.0,38.0,49.0,84.0,,,,,,,,,,,,,,,,,,,,,,,,,,,,,,,,,,,,,,,,,,,,,,,,,,,,,,,,,,,,,,,,,,,,,,,,,,,,,,,,,,,,,,,,,,,,,,,,,
16933121,,69.0,,,,,54.0,,,28.0,,,,,,,,,,,8.0,,,,,15.0,,,,,54.0,,,16.0,12.0,30.0,56.0,,,,,,,,,,,,,,,,,,,,,,,,,,,,,,,,,,,,,,,,,,,,,,,,,,,,,,,,,,,,,,,,,,,,,,,,,,,,,,,,,,,,,,,,,,,,,,,,,
520322049,61.0,31.0,19.0,8.0,10.0,52.0,45.0,20.0,,,18.0,1.0,,,,,,,,,,,,,,,,,,,,,,,,,,,,,,,,,,,,,,,,,,,,,,,,,,,,,,,,,,,,,,,,,,,,,,,,,,,,,,,,,,,,,,,,,,,,,,,,,,,,,,,,,,,,,,,,,,,,,,,,,,
1888767391,,,,,,,,,2.0,,,,,,,,,,,,,,,,,,,,,,,,1.0,,,,,,,,,,,,,,,,,,,,,,,,,,,,,,,,,,,,,,,,,,,,,,,,,,,,,,,,,,,,,,,,,,,,,,,,,,,,,,,,,,,,,,,,,,,,,,,,,,,,,
1084188121,,8.0,,,,9.0,,,8.0,,9.0,1.0,,,4.0,,5.0,,2.0,,1.0,1.0,,,,,,,,,,,,,,,,,,,,,,,,,,,,,,,,,,,,,,,,,,,,,,,,,,,,,,6.0,,,,,,,,,,,,,,,,,,,,,1.0,,,,,,,,,,,,,,,,,,,,,,,,,,,,,,,,,,,,,
37747285,8.0,19.0,,,,29.0,8.0,,27.0,,,,,,,,,,,,,,,,,,,,,,,,,,,,,,,,,,,,,,,,,16.0,,,,,,,,,,32.0,8.0,10.0,14.0,,,,,,,,,,,,,,,,,,,,,,,,,,,,,,,,,,,,,,,,,,,,,,,,,,,,,,,,,,,,,,,,,,,,,,,
325823531,,,,,,,,,,,,,,,,,,,,,,,,,,,,,,,,,,,,,,,,,,,,,,,,,,,,,,,,,,,,,,,,,,,,,,,,,,,,,,,,,,,,,,,,,,,,,,,,,,,,,,,1.0,,,,,,,,1.0,,,,,,,,,,,,,,,,,,,,,,,
20027766,,1.0,,,,,,,,,,,,1.0,,,,,,,,,,,,,,,,,,,,,,,,,,,,,,,,,,,,,,,,,,,,,,,,,,,,,,,,,,,,,,,,,,,,,,,,,,,,,,,,,,,,,,,,,,,,,,,,,,,,,,,,,,,,,,,,,,,,,,,,
1037809518,,2.0,,,,,3.0,,4.0,,,,,,,,,,,,,,,,,,,,,,,,,,,,,,,,,,,,,,,,,,,,,,,,,,,,,,,,,,,,,,,,,,,,,,,,,,,,,,,,,,,,,,,,,,,,,,,,,,,,,,,,,,,,,,,,,,,,,,,,,,,,,
17006872,,12.0,,,,,9.0,5.0,9.0,,,,,4.0,,,,,,,7.0,,,,,,,,,8.0,1.0,,5.0,,,,,,,,,,,,,,,,,,5.0,,,,,,,,,,,,,,,,,,,,,,,,,,,,,,,,,,,,,,,,,,,,,,,,,,,,,,,,,,,,,,,,,,,,,,,,,,,,,,,,,,,
16989272,,1.0,,,,,1.0,1.0,5.0,,,,,4.0,,,,,,,1.0,,,,,,,,,2.0,,,1.0,,,,,,,,,,,,,,,,,,,,,,,,,,,,,,,,,,,,,,,,,,,,,,,,,,,,,,,,,,,,,,,,,,,,,,,,,,,,,,,,,,,,,,,,,,,,,,,,,,,,,
17032391,,,,,,,1.0,,,,,,,,,,,,,,1.0,,,,,,,,,,,,,,,,,,,,,,,,,,,,,,,,,,,,,,,,,,,,,,,,,,,,,,,,,,,,,,,,,,,,,,,,,,,,,,,,,,,,,,,,,,,,,,,,,,,,,,,,,,,,,,,,,
16959593,9.0,5.0,,,,4.0,5.0,,,,,,,,,,,,,,,,,,,,,,,,,,,,,,,,,,,,,,,,,,,,,,,,,,,,,,,,,,,,,1.0,,,,,,,,,,,,,,,,,,,,,,,,1.0,,,,,,,,,,,,,,,,,,,,2.0,2.0,1.0,,,,,,,,,,,,,,,,,,,,
13538092,,,,,,,1.0,,2.0,,,,,2.0,,,,,,,1.0,,,,,,,,,2.0,1.0,,,,,,,,,,,,,,,,,,,,,,,,,,,,,,,,,,,,,,,,,,,,,,,,,,,,,,,,,,,,,,,,,,,,,,,,,,,,,,,,,,,,,,,,,,,,,,,,,,,,,,,
1611903913,,326.0,,,,6.0,107.0,42.0,597.0,,,7.0,3.0,387.0,,,,,,,786.0,,,,,,,,,346.0,,,,,,,,,,,,5.0,,,,,80.0,44.0,,,,,,,,,,,,,,,,,,,,,,,,,,,,,,,3.0,,1.0,,1.0,,2.0,,,,,,,,,,,,,,,,,,,,,,,,,,,,,,,,,,,,,,,,,,,,,,,,,
1509572684,,280.0,,,,16.0,88.0,47.0,626.0,,,8.0,19.0,584.0,,,,,,,508.0,,,,,,,,,652.0,,,,,,,,,,,,7.0,,,,,204.0,82.0,,,,,,,,,,,,,,,,,,,,,,,,,,,,,,14.0,15.0,1.0,3.0,6.0,4.0,4.0,7.0,,,,,,,,,,,,,,,,,,,,,,,,,,,,,,,,,,,,,,,,,,,,,,,,,
1968811948,,12.0,,,,484.0,,,10.0,,,,65.0,,,,,,,,,,,,,,,,,,,,,,,,,,,,,339.0,,,,,,50.0,,,,,,,,,,,,,,,,,,,,,,,,,,,,,,,,,,292.0,140.0,,,,821.0,,,,18.0,,,,,,,,,,,,,,,294.0,203.0,,,,,,,,451.0,140.0,11.0,,,,,,,,,,,,,,,,,
13048704,,4.0,,,,,4.0,,6.0,,,,,11.0,,,,,,,10.0,,,,,,,,,13.0,2.0,,,,,,,,,,,,,,,,,,,,3.0,,,,,,,,,,,,,,,,,,,,,,,,,,,,,,,,,,,,,,,,,,,,,,,,,,,,,,,,,,,,,,,,,,,,,,,,,,,,,,,,,,,
1258015420,,,,,,,1.0,,,,,,,,,,,,,,,,,,,,,,,,,,,,,,,,,,,,,,,,,,,,,,,,,,,,,,,,,,,,,,,,,,,,,,,,,,,,,,,,,,,,,,,,,,,,,,,,,,,,,,,,,,,,,,,,,,,,,,,,,,,,,,,
11689003,,31.0,,,,96.0,27.0,,35.0,,,,,,,,,,,,,,,28.0,,,,,,,54.0,,,,,,,,,,,,,,,,,,,64.0,,,,,,,,,,,,,,,,,25.0,5.0,54.0,,,,,,,,,,,,,,,,,,,,,,,,,,,,,,,,,,,,,,,,,,,,,,,,,,,,,,,,,,,,,,,,,
1140284956,,13.0,,,,27.0,6.0,,14.0,,,,,,,,,,,,,,,1.0,,,,,,,15.0,,,,,,,,,,,,,,,,,,,21.0,,,,,,,,,,,,,,,,,7.0,6.0,5.0,,,,,,,,,,,,,,,,,,,,,,,,,,,,,,,,,,,,,,,,,,,,,,,,,,,,,,,,,,,,,,,,,
1220785497,,11.0,,,,16.0,13.0,,5.0,,,,,,,,,,,,,,,1.0,,,,,,,16.0,,,,,,,,,,,,,,,,,,,11.0,,,,,,,,,,,,,,,,,7.0,,4.0,,,,,,,,,,,,,,,,,,,,,,,,,,,,,,,,,,,,,,,,,,,,,,,,,,,,,,,,,,,,,,,,,
19654171,,1.0,,,,1.0,,,,,,,,,,,,,,,,,,1.0,,,,,,,,,,,,,,,,,,,,,,,,,,1.0,,,,,,,,,,,,,,,,,,,1.0,,,,,,,,,,,,,,,,,,,,,,,,,,,,,,,,,,,,,,,,,,,,,,,,,,,,,,,,,,,,,,,,,
1019044997,,46.0,,,,91.0,63.0,,10.0,,,,,,,,,,,,,,,36.0,,,,,,,21.0,,,,,,,,,,,,,,,,,,,59.0,,,,,,,,,,,,,,,,,12.0,21.0,65.0,,,,,,,,,,,,,,,,,,,,,,,,,,,,,,,,,,,,,,,,,,,,,,,,,,,,,,,,,,,,,,,,,
1837092381,,,,,,,,,,,,,,,,,,,,,,,,,,1.0,,,,,,,,,,,,,,,,,,,,,,,,,,,,,,,,,,,,,,,,,,,,,,,,,,,,,,,,,,,,,,,,,,,,,,,,,,,,,,,,,,,,,,,,,,,,,,,,,,,,,,,,,,,,
37684064,,21.0,,,,66.0,26.0,,18.0,,,,,,,,,,,,,,,40.0,,,,,,,10.0,,,,,,,,,,,,,,,,,,,42.0,,,,,,,,,,,,,,,,,6.0,1.0,25.0,,,,,,,,,,,,,,,,,,,,,,,,,,,,,,,,,,,,,,,,,,,,,,,,,,,,,,,,,,,,,,,,,
17063361,,8.0,,,,,2.0,3.0,32.0,,6.0,,,23.0,,,,,,,9.0,,,,,,,,,5.0,,,,,,,,,,,,,,,,,,,,,,,,,,,,,,,,,,,,,,,,,,,,,,3.0,,,,,,,,,,,,,,,,,,,,,,,,,,,,,,,,,,,,,,,,,,,,,,,,,,,,,,,,,,
17064166,,,,,,,,,1.0,,,,,,,,,,,,,,,,,,,,,,,,,,,,,,,,,,,,,,,,,,,,,,,,,,,,,,,,,,,,,,,,,,,,,,,,,,,,,,,,,,,,,,,,,,,,,,,,,,,,,,,,,,,,,,,,,,,,,,,,,,,,,
13542008,,,,,,,,,1.0,,,,,,,,,,,,,,,,,,,,,,,,,,,,,,,,,,,,,,,,,,,,,,,,,,,,,,,,,,,,,,,,,,,,,,,,,,,,,,,,,,,,,,,,,,,,,,,,,,,,,,,,,,,,,,,,,,,,,,,,,,,,,
1463890682,,3.0,,,,15.0,,,1.0,,16.0,2.0,4.0,,19.0,6.0,18.0,11.0,7.0,13.0,,3.0,1.0,,,,,,,,,,,,,,,,,,,,,,,,,,,,,,,,,,,,,,,,,,,,,,,,,,,,,,,,,,,,,,,,,,,,,,,,,,,,,,,,,,,,,,,,,,,,,,,,,,,,,,,,,,,,,,,
35652653,,,,,,9.0,5.0,,,,,,,,,,,,,,,,,,,,,,,,,,,,,,,22.0,13.0,3.0,8.0,1.0,,,,,,,,,,,,,,,,,,,,,,,,,,,,,,,,,,,,,,,,,,,,,,,,,,,,,,,,,,,,,,,,,,,,,,,,,,,,5.0,2.0,1.0,,,,,,,,,,,,,,
1670651626,37.0,72.0,,,,,45.0,,,,,,,,,,,,,,,,,54.0,,,,,34.0,,,,,,,,,,,,,,,,,,,,,,,,,,,,,,,,,,,,,,,17.0,56.0,,123.0,,,128.0,93.0,,,,,,,,,,,,,,,,,,,,,,,,,,,,,,,,,,,,,,,,,,,,,,,,,,,,,,,,,,,
36663137,1.0,,,,,,1.0,,,,,,,,,,,,,,,,,,,,,,,,,,,,,,,,,,,,,,,,,,,,,,,,,,,,,,,,,,,,,,1.0,,1.0,,,1.0,,,,,,,,,,,,,,,,,,,,,,,,,,,,,,,,,,,,,,,,,,,,,,,,,,,,,,,,,,,,
1257710249,28.0,11.0,,,,,19.0,,,,,,,,,,,,,,,,,4.0,,,,,4.0,,,,,,,,,,,,,,,,,,,,,,,,,,,,,,,,,,,,,,,10.0,12.0,,19.0,,,18.0,13.0,,,,,,,,,,,,,,,,,,,,,,,,,,,,,,,,,,,,,,,,,,,,,,,,,,,,,,,,,,,
1244312811,,,,,,,2.0,,,,,,,,,,,,,,,,,,,,,,,,,,,,,,,,,,,,,,,,,,,,,,,,,1.0,,,,,,,,,,,,,,,,,,,,,,,,,,,,,,,,,,,,,,,,,,,,,,,,,,,,,,,,,,,,,,,,,,,,,,,,,,,,,,
19851533,1.0,,,,,,1.0,,,,,,,,,,,,,,,,,,,,,,,,,,,,,,,,,,,,,,,,,,,,,,,,,,,,,,,,,,,,,1.0,,,1.0,,,1.0,,,,,,,,,,,,,,,,,,,,,,,,,,,,,,,,,,,,,,,,,,,,,,,,,,,,,,,,,,,,
1797248074,,,,,,,1.0,,,,,,,,,,,,,,,,,,,,,,,,,,,,,,,,,,,,,,,,,,,,,,,,,,,,,,,,,,,,,,,,,,,,,,,,,,,,,,,,,,,,,,,,,,,,,,,,,,,,,,,,,,,,,,,,,,,,,,,,,,,,,,,
35244118,3.0,4.0,,,,,4.0,,,,,,,,,,,,,,,,,2.0,,,,,,,,,,,,,,,,,,,,,,,,,,,,,,,,,,,,,,,,,,,,1.0,5.0,,7.0,,,7.0,4.0,,,,,,,,,,,,,,,,,,,,,,,,,,,,,,,,,,,,,,,,,,,,,,,,,,,,,,,,,,,
32383000,2.0,4.0,,,,,3.0,,,,,,,,,,,,,,,,,,,,,,,,,,,,,,,,,,,,,,,,,,,,,,,,,,,,,,,,,,,,,2.0,3.0,,6.0,,,2.0,2.0,,,,,,,,,,,,,,,,,,,,,,,,,,,,,,,,,,,,,,,,,,,,,,,,,,,,,,,,,,,
1071747632,15.0,5.0,,,,,8.0,,,,,,,,,,,,,,,,,5.0,,,,,2.0,,,,,,,,,,,,,,,,,,,,,,,,,,,,,,,,,,,,,,,2.0,14.0,,18.0,,,13.0,8.0,,,,,,,,,,,,,,,,,,,,,,,,,,,,,,,,,,,,,,,,,,,,,,,,,,,,,,,,,,,
1908434305,38.0,14.0,,,,,14.0,,,,,,,,,,,,,,,,,17.0,,,,,12.0,,,,,,,,,,,,,,,,,,,,,,,,,,,,,,,,,,,,,,,26.0,39.0,,46.0,,,43.0,35.0,,,,,,,,,,,,,,,,,,,,,,,,,,,,,,,,,,,,,,,,,,,,,,,,,,,,,,,,,,,
1116755930,,,,,,,1.0,,,,,,,,,,,,,,,,,,,,,,,,,,,,,,,,,,,,,,,,,,,,,,,,,,,,,,,,,,,,,,,,,,,,,,,,,,,,,,,,,,,,,,,,,,,,,,,,,,,,,,,,,,,,,,,,,,,,,,,,,,,,,,,
13163606,,12.0,,,,,5.0,,,,,,,,,,,,,,7.0,,,,,,,,,3.0,7.0,,,,,,,,,,,,,,,,,,,,1.0,,,,,,,,,,,,,,,,,,,,,,,,,,,,,,,,,,,,,,,,,,,,,,,,,,,,,,,,,,,,,,,,,,,,,,,,,,,,,,,,,,,
36516531,,2.0,,,,5.0,1.0,,5.0,,,,,,,,,,,,,,,1.0,,,,,,,,,,,,,,,,,,,,,,,,,,3.0,,,,,,,,,,,,,,,,,,,,,,,,,,,,,,,,,,,,,,,,,,,,,,,,,,,,,,,,,,,,,,,,,,,,,,,,,,,,,,,,,,,,
1771580692,,,,,,,,,,,,,,1.0,,,,,,,,,,,,,,,,1.0,,,1.0,,,,,,,,,,,,,,,,,,,,,,,,,,,,,,,,,,,,,,,,,,,,,,,,,,,,,,,,,,,,,,,,,,,,,,,,,,,,,,,,,,,,,,,,,,,,,,,,,,,,,
13147575,23.0,38.0,,,,36.0,11.0,,11.0,,24.0,,14.0,,22.0,3.0,12.0,7.0,8.0,12.0,18.0,2.0,,,,17.0,,,,,,,,,,,,,,,,,,,,,,17.0,,,,,,,,,,,,,,,,,,,,,,,,,,,,,,,6.0,,,,,,3.0,,,,,,,,,,,,,,,,,,,,,,,,,,,,,,,,,,,,25.0,,,,,,,,,,,,,
17048958,,,,,,,,,,,,,,1.0,,,,,,,,,,,,,,,,,,,,,,,,,,,,,,,,,,,,,,,,,,,,,,,,,,,,,,,,,,,,,,,,,,,,,,,,,,,,,,,,,,,,,,,,,,,,,,,,,,,,,,,,,,,,,,,,,,,,,,,,
1666616962,306.0,746.0,,,306.0,114.0,185.0,,,8.0,,,,,,,,,,,361.0,,,,,,,,,488.0,966.0,850.0,35.0,,,,,,,,,,,,,,,,,,,,,,,,,,,,,,,,,,,,,,,,,,,,,,,,,,,,,,,,,,,,,,,,,,,,,,,,,,,,,,,,,,,,,,,,,136.0,6.0,,,,,,,,,,,
19654362,,1.0,,,,,1.0,,1.0,,,,,1.0,,,,,,,,,,,,,,,,,,,,,,,,,,,,,,,,,,,,,,,,,,,,,,,,,,,,,,,,,,,,,,1.0,,,,,,,,,,,,,,,,,,,,,,,,,,,,,,,,,,,,,,,,,,,,,,,,,,,,,,,,,,
17006614,,1.0,,,,,4.0,,32.0,,,,,6.0,,,,,,,4.0,,,,,,,,,6.0,3.0,,2.0,,,,,,,,,,,,,,,,,,2.0,,,,,,,,,,,,,,,,,,,,,,,,,,,,,,,,,,,,,,,,,,,,,,,,,,,,,,,,,,,,,,,,,,,,,,,,,,,,,,,,,,,
1986634583,,3.0,,,,3.0,2.0,,3.0,,,,,,,,,,,,,,,,,,,,,,2.0,,,,,,,,,,,,,,,,,,,2.0,,,,,,,,,,,,,,,,,,,,,,,,,,,,,,,,,,,,,,,,,,,,,,,,,,,,,,,,,,,,,,,,,,,,,,,,,,,,,,,,,,,,
1982178069,,156.0,,,,505.0,124.0,,95.0,,,,,,,,,,,,,,,391.0,,,,,,,115.0,,,,,,,,,,,,,,,,,,,354.0,,,,,,,,,,,,,,,,,112.0,80.0,360.0,,,,,,,,,,,,,,,,,,,,,,,,,,,,,,,,,,,,,,,,,,,,,,,,,,,,,,,,,,,,,,,,,
35563255,,39.0,,,,102.0,26.0,,88.0,21.0,,,,,,,,,,,,,,1.0,,,,,,,16.0,,,,,,,,,,,,,,,,,,,69.0,,,,,,,,,,,,,,,,,15.0,1.0,1.0,,,,,,,,,,,,,,,,,,,,,,,,,,,,,,,,,,,,,,,,,,,,,,,,,,,,,,,,,,,,,,,,,
13308703,233.0,240.0,,,,339.0,148.0,,,,,,,,,,,,,,47.0,,,,,,,,,,,,,,,,,,,,,,,,,,,,,258.0,,,,,,,,,,,218.0,345.0,,,,,,57.0,,,,,,,,,,,,,,,,,,,,,,,,171.0,,,,,,,,,,,,,,,,,,,,,,,,,,,,,,,,,,,,,,,,,,
37890312,,143.0,,,,280.0,77.0,,243.0,,,,,,,,,,,,,,,11.0,,,,,,,96.0,,,,,,,,,,,,,,,,,,,180.0,,,,,,,,,,,,,,,,,42.0,13.0,5.0,,,,,,,,,,,,,,,,,,,,,,,,,,,,,,,,,,,,,,,,,,,,,,,,,,,,,,,,,,,,,,,,,
1277576195,,1.0,,,,3.0,,,,,,,,,,,,,,,,,,,,,2.0,,,,,,,,,,,,,,,4.0,,,,,,,,,,,,,,,,,,,,,,,,,,,,,,,,,,,,,,,,,,,,,,,,,,,,5.0,4.0,2.0,,,,,,,,,,,,,,,,,,,,,,,,,,,,2.0,1.0,,,,,,,,,
1118239893,,30.0,,,,,3.0,4.0,8.0,,3.0,1.0,,5.0,,,,,,,2.0,,,,,,,,,2.0,,,,,,,,,,,,,,,,,,,,,,,,,,,,,,,,,,,,,,,,,,,,,,6.0,,,,,,,,,,,,,,,,,,,,,,,,,,,,,,,,,,,,,,,,,,,,,,,,,,,,,,,,,,
1658196391,,2.0,,,,,3.0,,,,,,,,,,,,,,,,,2.0,,,,,,,,,,,,,,,,,,,,,,,,,,,,,,,,,,,,,,,,,,,,2.0,1.0,,6.0,,,6.0,5.0,,,,,,,,,,,,,,,,,,,,,,,,,,,,,,,,,,,,,,,,,,,,,,,,,,,,,,,,,,,
1624796932,6.0,3.0,,,,,9.0,,,,,,,,,,,,,,,,,6.0,,,,,4.0,,,,,,,,,,,,,,,,,,,,,,,,,,,1.0,,,,,,,,,,,,3.0,8.0,,15.0,,,11.0,11.0,,,,,,,,,,,,,,,,,,,,,,,,,,,,,,,,,,,,,,,,,,,,,,,,,,,,,,,,,,,
1914950962,,1.0,,,,,,,1.0,,1.0,,,,,,,,,,,,,,,,,,,,,,,,,,,,,,,,,,,,,,,,,,,,,,,,,,,,,,,,,,,,,,,,,1.0,,,,,,,,,,,,,,,,,,,,,,,,,,,,,,,,,,,,,,,,,,,,,,,,,,,,,,,,,,
1445416704,,6.0,,,,9.0,3.0,,2.0,,,,,,,,,,,,,,,7.0,,,,,,,2.0,,,,,,,,,,,,,,,,,,,6.0,,,,,,,,,,,,,,,,,2.0,,1.0,,,,,,,,,,,,,,,,,,,,,,,,,,,,,,,,,,,,,,,,,,,,,,,,,,,,,,,,,,,,,,,,,
1076747894,19.0,4.0,,,,14.0,3.0,,,,,,,,,,,,,,,,,1.0,,,,,,,,,,,,,,,,,,,,,,,,,,,,,,,,,,,,,,,,,,,,5.0,,,,,,,,,,,,,,,,,,,,,,,,6.0,,,,,,,,,,,,,,,,,,,,6.0,,6.0,,,,,,,,,,,,,,,,,,,,
13538096,,3.0,,,,,6.0,,8.0,,,,,3.0,,,,,,,1.0,,,,,,,,,3.0,,,3.0,,,,,,,,,,,,,,,,,,1.0,,,,,,,,,,,,,,,,,,,,,,,,,,,,,,,,,,,,,,,,,,,,,,,,,,,,,,,,,,,,,,,,,,,,,,,,,,,,,,,,,,,
1716568742,,11.0,,,,,1.0,,5.0,,,,,12.0,,,,,,,3.0,,,,,,,,,10.0,,,,,,,,,,,,,,,,,,,,,,,,,,,,,,,,,,,,,,,,,,,,,,2.0,,,,,,,,,,,,,,,,,,,,,,,,,,,,,,,,,,,,,,,,,,,,,,,,,,,,,,,,,,
1688450505,3.0,1.0,,,,4.0,,,,,,,,,,,,,,,,,,1.0,1.0,1.0,1.0,3.0,1.0,,,,,,,,,,,,,,,,,,,,,,,,,,,,,,,,,,,,,,,,,,,,,,,,,,,,,,,,,,,,,,,,,,,,,,,,,,,,,,,,,,,,,,,,,,,,,,,,,,,,,,,,,
1239315179,352.0,702.0,,,,337.0,188.0,,,,,,,,,,,,,,189.0,,,,,,,,,,,,,,,,,,,,,,,,,,,,,350.0,,,,,,,,,,,309.0,791.0,,,,,,104.0,,,,,,,,,,,,,,,,,,,,,,,,547.0,,,,,,,,,,,,,,,,,,,,,,,,,,,,,,,,,,,,,,,,,,
1676084537,,1.0,,,,12.0,,,16.0,,,,,,,,,,,,,,,,,,,,,,,,,,,,,,,,,1.0,,,,,,1.0,,,,,,,,,,,,,,,,,,,,,,,,,,,,,,,,,,9.0,6.0,,,,29.0,,,,3.0,,,,,,,,,,,,,,,13.0,8.0,,,,,,,,3.0,1.0,1.0,,,,,,,,,,,,,,,,,
36220205,4.0,3.0,,,,10.0,1.0,,10.0,,,,,,,,,,,,,,,,,,,,,,,,,,,,,,,,,,,,,,,,,6.0,,,,,,,,,,11.0,4.0,3.0,6.0,,,,,,,,,,,,,,,,,,,,,,,,,,,,,,,,,,,,,,,,,,,,,,,,,,,,,,,,,,,,,,,,,,,,,,,
16963602,5.0,4.0,,,,7.0,,,3.0,,,,,,,,,,,,,,,,,,,,,,,,,,,,,,,,,,,,,,,,,5.0,,,,,,,,,,8.0,2.0,,,,,,,,,,,,,,,,,,,,,,,,,,,,,,,,,,,,,,,,,,,,,,,,,,,,,,,,,,,,,,,,,,,,,,,,,
1865664437,,809.0,,,,,246.0,,,352.0,,,,,,,,,,,224.0,,,,,,,,,84.0,621.0,503.0,21.0,,,,,,,,,,,,,,,,,,,,,,,,,,,,,,,,,,,,,,,,,,,,,,,,,,,,,,,,,,,,,,,,,,,,,,,,,,,,,,,,,,,,,,,,,,,,,,,,,,,,,
13542625,,7.0,,,,,12.0,1.0,,,,,,1.0,,,,,,,1.0,,,,,,,,,1.0,,,,,,,,,,,,,,,,,,,,,2.0,,,,,,,,,,,,,,,,,,,,,,,,,,,,,,,,,,,,,,,,,,,,,,,,,,,,,,,,,,,,,,,,,,,,,,,,,,,,,,,,,,,
1394129860,8.0,3.0,,,,9.0,2.0,,,,,,,,,,,,,,,,,,,6.0,,,,,,,,,,,,,,,,,,,,,,,,,,,,,,,,,,,,,,,,,,4.0,,,,,,,,,,,,,,,,,,,,,,,,,,,,,,,,,,,,,,,,,,,,,,,,,,,,,,,,,,,,,,,,,,
1496248735,,49.0,,,,,37.0,,,63.0,,,,,,,,,,,5.0,,,,,,,,,31.0,41.0,68.0,2.0,,,,,,,,,,,,,,,,,,,,,,,,,,,,,,,,,,,,,,,,,,,,,,,,,,,,,,,,,,,,,,,,,,,,,,,,,,,,,,,,,,,,,,,,,,,,,,,,,,,,,
13491584,,5.0,,,,9.0,1.0,,,,,,,,,,,,,,,,,,,,,,,5.0,3.0,,1.0,,,,2.0,,,,,,,,,,,4.0,,,6.0,,,,,,,,,,,,,,,,,,,,,,,,,,18.0,,,,,,,,,,,,,,,,,,,,,,,,,,,,,,,,,,,,,,,,,,,,,,,,,,,,,,,,,
30997566,1.0,1.0,,,,2.0,1.0,,2.0,,,,,,,,,,,,,,,,,,,,,,,,,,,,,,,,,,,,,,,,,3.0,,,,,,,,,,3.0,3.0,,1.0,,,,,,,,,,,,,,,,,,,,,,,,,,,,,,,,,,,,,,,,,,,,,,,,,,,,,,,,,,,,,,,,,,,,,,,
1256158608,,1.0,,,,,1.0,,2.0,,2.0,,,3.0,,,,,,,,,,,,,,,,1.0,,,,,,,,,,,,,,,,,,,,,,,,,,,,,,,,,,,,,,,,,,,,,,,,,,,,,,,,,,,,,,,,,,,,,,,,,,,,,,,,,,,,,,,,,,,,,,,,,,,,,,,,
1439050448,,,,,,,,,3.0,,,,,,,,,,,,,,,,,,,,,,,,,,,,,,,,,,,,,,,,,,,,,,,,,,,,,,,,,,,,,,,,,,,,,,,,,,,,,,,,,,,,,,,,,,,,,,,,,,,,,,,,,,,,,,,,,,,,,,,,,,,,,
1539446006,,1.0,,,,,,,4.0,,,1.0,,2.0,,,,,,,1.0,,,,,,,,,3.0,,,,,,,,,,,,,,,,,,,,,,,,,,,,,,,,,,,,,,,,,,,,,,1.0,,,,,,,,,,,,,,,,,,,,,,,,,,,,,,,,,,,,,,,,,,,,,,,,,,,,,,,,,,
33359625,,510.0,,,,,,136.0,766.0,,,,,,,,,,,,340.0,,,,,,,,,288.0,,,,,,,,,,,,,,,,,,,,218.0,,,,,,,,,,,,478.0,,,,,,,,,,,,,,,,,,,,,,,,,,,,,,162.0,,,,,,,,,378.0,,,,,,,,,,,,,,,,,,,,,,,,,447.0,,,,,,,,
1777570381,,2.0,,,,3.0,2.0,,3.0,,,,,,,,,,,,,,,,,,,,,,1.0,,,,,,,,,,,,,,,,,,,5.0,,,,,,,,,,,,,,,,,,,,,,,,,,,,,,,,,,,,,,,,,,,,,,,,,,,,,,,,,,,,,,,,,,,,,,,,,,,,,,,,,,,,
16928512,3.0,,,,,,1.0,,,,,,,,,,,,,,,,,,,1.0,,,,,,,,,,,,,,,,,,,,,,,,,,,,,,,,,,,,,,,,,,,,,,,,,,,,,,,,,,,,,,,,,,,,,,,,,,,,,,,,,,,,,,,,,,,,,,,,,,,,,,,,,,,,
1581172343,13.0,9.0,,,,7.0,6.0,,,,,,,,,,,,,,,,,,,4.0,,,,,,,,,,,,,,,,,,,,,,,,,,,,,,,,,,,,,,,,,,5.0,,,,,,,,,,,,,,,,,,,,2.0,,,,,,,,,,,,,,,,,,,,,,,,,,,,,,,,,,,,,,,,,,,,,,
1284536166,2.0,2.0,,,,,1.0,,,,,,,,,,,,,,,,,,,1.0,,,,,,,,,,,,,,,,,,,,,,,,,,,,,,,,,,,,,,,,,,,,,,,,,,,,,,,,,,,,,,,,,,,,,,,,,,,,,,,,,,,,,,,,,,,,,,,,,,,,,,,,,,,,
1828754477,4.0,3.0,,,,,5.0,,,,,,,,,,,,,,,,,3.0,,,,,2.0,,,,,,,,,,,,,,,,,,,,,,,,,,,1.0,,,,,,,,,,,,1.0,5.0,,6.0,,,6.0,5.0,,,,,,,,,,,,,,,,,,,,,,,,,,,,,,,,,,,,,,,,,,,,,,,,,,,,,,,,,,,
1028507603,1.0,5.0,,,,9.0,2.0,,,,,,,,,,,,,,,,,,,,,,,,,,,,,,,,,,,,,,,,,,,,,,,,,,,,,,,,,,,,,,,,,,,,,,,,,,,,,,,,,,,,,,,,,,,,,,,2.0,8.0,,,,,,,,1.0,,,,,,,,,,,,,,,,7.0,7.0,5.0,4.0,3.0,,,
17047413,,,,,,,,,3.0,,,,,,,,,,,,1.0,,,,,,,,,,,,1.0,,,,,,,,,,,,,,,,,,,,,,,,,,,,,,,,,,,,,,,,,,,,,,,,,,,,,,,,,,,,,,,,,,,,,,,,,,,,,,,,,,,,,,,,,,,,,,,,,,,,,
341498396,,,,,,,,,,,,,,1.0,,,,,,,,,,,,,,,,,,,,,,,,,,,,,,,,,,,,,,,,,,,,,,,,,,,,,,,,,,,,,,,,,,,,,,,,,,,,,,,,,,,,,,,,,,,,,,,,,,,,,,,,,,,,,,,,,,,,,,,,
20343711,59.0,26.0,,,,60.0,15.0,,36.0,,,,,,,,,,,,,,,,,,,,,,,,,,,,,,,,,,,,,,,,,46.0,,,,,,,,,,108.0,14.0,7.0,15.0,,,,,,,,,,,,,,,,,,,,,,,,,,,,,,,,,,,,,,,,,,,,,,,,,,,,,,,,,,,,,,,,,,,,,,,
17040007,,1.0,,,,,,,,,,,,,,,,,,,,,,,,,,,,,,,,,,,,,,,,,,,,,,,,,,,,,,,,,,,,,,,,,,,,,,,,,,,,,,,,,,,,,,,,,,,,,,,,,,,,,,,,,,,,,,,,,,,,,,,,,,,,,,,,,,,,
17046195,,,,,,,,,,,,,,,,,,,,,,,,,,,,,,,,,,,,,,,,,,,,,,,,,,,1.0,,,,,,,,,,,,,,,,,,,,,,,,,,,,,,,,,,,,,,,,,,,,,,,,,,,,,,,,,,,,,,,,,,,,,,,,,,,,,,,,,,,
17025007,,6.0,,,,,4.0,,16.0,,,,,5.0,,,,,,,8.0,,,,,,,,,2.0,1.0,,9.0,,,,,,,,,,,,,,,,,,1.0,,,,,,,,,,,,,,,,,,,,,,,,,,,,,,,,,,,,,,,,,,,,,,,,,,,,,,,,,,,,,,,,,,,,,,,,,,,,,,,,,,,
17029559,,,,,,,,,1.0,,,,,,,,,,,,,,,,,,,,,,,,,,,,,,,,,,,,,,,,,,1.0,,,,,,,,,,,,,,,,,,,,,,,,,,,,,,,,,,,,,,,,,,,,,,,,,,,,,,,,,,,,,,,,,,,,,,,,,,,,,,,,,,,
17026855,,,,,,,,,2.0,,,,,1.0,,,,,,,,,,,,,,,,2.0,,,,,,,,,,,,,,,,,,,,,,,,,,,,,,,,,,,,,,,,,,,,,,,,,,,,,,,,,,,,,,,,,,,,,,,,,,,,,,,,,,,,,,,,,,,,,,,,,,,,,,,,
17024993,,2.0,,,,,1.0,,6.0,,,,,3.0,,,,,,,2.0,,,,,,,,,2.0,,,2.0,,,,,,,,,,,,,,,,,,4.0,,,,,,,,,,,,,,,,,,,,,,,,,,,,,,,,,,,,,,,,,,,,,,,,,,,,,,,,,,,,,,,,,,,,,,,,,,,,,,,,,,,
1982278939,,2.0,,,,2.0,1.0,,1.0,,,,,,,,,,,,,,,,,,,,,,,,,,,,,,,,,,,,,,,,,,,,,,,,,,,,,,,,,,,,,,,,,,,,,,,,,,,,,,,,,,,,,,,,,,,,,,,,,,,,,,,,,,,,,,,,,,,,,,,,,,,,,
1959607130,,1.0,,,,21.0,,,44.0,,,,12.0,,,,,,,,13.0,,,,,,,,,,,,,,,,,,,,,5.0,,,,,,4.0,,,,,,,,,,,,,,,,,,,,,,,,,,,,,,26.0,14.0,1.0,3.0,2.0,3.0,8.0,14.0,,,,,,,,,,,,,,,,,,,,,,,,,,,,,,,,,,,,,,,,,,,,,,,,,
16790201,,,,,,,1.0,,,,,,,,,,,,,,,,,,,,,,,,,,,,,,,,,,,,,,,,,,,2.0,,,,,,,,,,,,1.0,,,,,,,,,,,,,,,,,,,,,,,,,,,,,,,,,,,,,,,,,,,,,,,,,,,,,,,,,,,,,,,,,,,,,,,,
1957728396,5.0,,,,2.0,,1.0,,,,,,,,,,,,,,,,,3.0,,,,,,,,,,,,,,,,,,,,,,,,,,3.0,,,,,,,,,,,,,,,,,5.0,,3.0,,,,,,1.0,,,,,,,,,,,,,1.0,,,,,,,,,,,,,,,,,,,,,,,,,,,,,,,,,,,,,,,,,,,,4.0,,
1214623292,28.0,6.0,,,,,5.0,,,,,,,,,,,,,,,,,20.0,,,,,15.0,,,,,,,,,,,,,,,,,,,,,,,,,,,,,,,,,,,,,,,1.0,,,28.0,,,25.0,19.0,,,,,,,,,,,,,,,,,,,,,,,,,,,,,,,,,,,,,,,,,,,,,,,,,,,,,,,,,,,
11535837,8.0,9.0,,,,16.0,,,13.0,,,,,,,,,,,,,,,,,,,,,,,,,,,,,,,,,,,,,,,,,5.0,,,,,,,,,,24.0,4.0,2.0,2.0,,,,,,,,,,,,,,,,,,,,,,,,,,,,,,,,,,,,,,,,,,,,,,,,,,,,,,,,,,,,,,,,,,,,,,,
1221309553,,36.0,,,,,9.0,,,14.0,,,,,,,,,,,9.0,,,,,,,,,51.0,15.0,55.0,10.0,,,,,,,,,,,,,,,,,,,,,,,,,,,,,,,,,,,,,,,,,,,,,,,,,,,,,,,,,,,,,,,,,,,,,,,,,,,,,,,,,,,,,,,,,,,,,,,,,,,,,
13491801,,9.0,,,,,8.0,,12.0,,5.0,1.0,,18.0,,,,,,,9.0,,,,,,,,,5.0,,,,,,,,,,,,,,,,,,,,,,,,,,,,,,,,,,,,,,,,,,,,,,4.0,,,,,,,,,,,,,,,,,,,,,,,,,,,,,,,,,,,,,,,,,,,,,,,,,,,,,,,,,,
16989135,,,,,,,,,,,,,,1.0,,,,,,,,,,,,,,,,,,,,,,,,,,,,,,,,,,,,,,,,,,,,,,,,,,,,,,,,,,,,,,,,,,,,,,,,,,,,,,,,,,,,,,,,,,,,,,,,,,,,,,,,,,,,,,,,,,,,,,,,
16989030,,,,,,,,,1.0,,,,,2.0,,,,,,,1.0,,,,,,,,,1.0,1.0,,,,,,,,,,,,,,,,,,,,,,,,,,,,,,,,,,,,,,,,,,,,,,,,,,,,,,,,,,,,,,,,,,,,,,,,,,,,,,,,,,,,,,,,,,,,,,,,,,,,,,,
20034615,,289.0,,,,,63.0,37.0,240.0,,,,,359.0,,,,,,,214.0,,,,,,,,,224.0,185.0,,3.0,,,,,,,,,,,,,,,,,,235.0,,,,,,,,,,,,,,,,,,,,,,,,,,,,,,,,,,,,,,,,,,,,,,,,,,,,,,,,,,,,,,,,,,,,,,,,,,,,,,,,,,,
13126047,25.0,143.0,,,,75.0,59.0,,73.0,209.0,,,,,,,,,,,108.0,,,,,,,,,203.0,118.0,82.0,15.0,,,,,,,,,,,,,,,,,51.0,,,,,,,,,,72.0,40.0,21.0,9.0,,,,,,,,,,,,,,,,,,,,,,,,,,,,,,,,,,,,,,,,,,,,,,,,,,,,,,,,,,,,,,,,,,,,,,,
19646201,29.0,34.0,,,,56.0,16.0,,,,,,,,,,,,,,38.0,,,,,,,,,,,,,,,,,,,,,,,,,,,,,22.0,,,,,,,,,,,24.0,19.0,,,,,,7.0,,,,,,,,,,,,,,,,,,,,,,,,9.0,,,,,,,,,,,,,,,,,,,,,,,,,,,,,,,,,,,,,,,,,,
1359549644,,8.0,,,,16.0,,,4.0,,,,2.0,,,,,,,,,,,,,,,,,,,,,,,,,,,,,3.0,,,,,,,,,,,,,,,,,,,,,,,,,,,,,,,,,,,,,,,,4.0,3.0,,,,36.0,,,,2.0,,,,,,,,,,,,,,,15.0,6.0,,,,,,,,4.0,2.0,,,,,,,,,,,,,,,,,,
31346905,,203.0,,,,,29.0,,,8.0,,,,,,,,,,,253.0,,,,,209.0,,,,,36.0,,,247.0,307.0,96.0,241.0,,,,,,,,,,,,,,,,,,,,,,,,,,,,,,,,,,,,,,,,,,,,,,,,,,,,,,,,,,,,,,,,,,,,,,,,,,,,,,,,,,,,,,,,,,,,,,,,,
32420538,22.0,86.0,,,,110.0,87.0,,68.0,,,,,,,,,,,,,,,,,,,,,,,,,,,,,,,,,,,,,,,,,58.0,,,,,,,,,,98.0,10.0,15.0,19.0,,,,,,,,,,,,,,,,,,,,,,,,,,,,,,,,,,,,,,,,,,,,,,,,,,,,,,,,,,,,,,,,,,,,,,,
17064972,,,,,,,,,1.0,,,,,,,,,,,,,,,,,,,,,,,,,,,,,,,,,,,,,,,,,,,,,,,,,,,,,,,,,,,,,,,,,,,,,,,,,,,,,,,,,,,,,,,,,,,,,,,,,,,,,,,,,,,,,,,,,,,,,,,,,,,,,
19828261,,9.0,,,,,7.0,6.0,31.0,,,,,12.0,,,,,,,7.0,,,,,,,,,6.0,3.0,,4.0,,,,,,,,,,,,,,,,,,10.0,,,,,,,,,,,,,,,,,,,,,,,,,,,,,,,,,,,,,,,,,,,,,,,,,,,,,,,,,,,,,,,,,,,,,,,,,,,,,,,,,,,
37336458,,4.0,,,,10.0,5.0,,,,,,,,,,,,,,,,,,,,,,,,,,,,,,,,,,,1.0,,,,,,,,,,,,,,,,,,,,,,,,,,,,,,,,,,,,,,,,,2.0,,,,21.0,,,,,,,,,,,,,,,,26.0,,,12.0,,,,,,,,,,,,,,,,,,,,,,,,,,,1.0,1.0
33703960,,702.0,,,,,136.0,,,710.0,,,,,,,,,,,1280.0,,,,,,,,,1480.0,239.0,119.0,58.0,,,,,,,,,,,,,,,,,,,,,,,,,,,,,,,,,,,,,,,,,,,,,,,,,,,,,,,,,,,,,,,,,,,,,,,,,,,,,,,,,,,,,,,,,,,,,,,,,,,,,
1582332619,,1.0,,,,,,,1.0,,,,,1.0,,,,,,,,,,,,,,,,,,,,,,,,,,,,,,,,,,,,,,,,,,,,,,,,,,,,,,,,,,,,,,,,,,,,,,,,,,,,,,,,,,,,,,,,,,,,,,,,,,,,,,,,,,,,,,,,,,,,,,,,
1188204579,,,,,,,,,1.0,,1.0,,,,,,,,,,1.0,,,,,,,,,,,,,,,,,,,,,,,,,,,,,,,,,,,,,,,,,,,,,,,,,,,,,,,,,,,,,,,,,,,,,,,,,,,,,,,,,,,,,,,,,,,,,,,,,,,,,,,,,,,,,,,,,
13490878,,186.0,,,,,40.0,21.0,329.0,,44.0,11.0,,285.0,,,,,,,214.0,,,,,,,,,98.0,,,,,,,,,,,,,,,,,,,,,,,,,,,,,,,,,,,,,,,,,,,,,,44.0,,,,,,,,,,,,,,,,,,,,,,,,,,,,,,,,,,,,,,,,,,,,,,,,,,,,,,,,,,
17077890,7.0,,,,,,,,,,,,,,,,,,,,,,,,,,,,,,,,,,,,,,,,,,,,,,,,,,,,,,,,,,,,,,,,,,1.0,,3.0,,,,,,,,,,,,,,,,,,,2.0,,,,,,,,,,,,,,,,,,,,,,,,,,,,,,,,,,,,,,,,,,,,1.0,,
1020942256,,,,,,,,,,,,,,,,,,,,,,,,,,,,,,,,,,,,,,,,,,,,,,,,,,,,,,,,,,,,,,,,,,,,,,,,,,,,,,2.0,1.0,,,,,,1.0,,,,,,,,,,,,,,,,,,,,,,,,,,,,,,,,,,,,,,,,,,,,,,,,,
19658870,,,,,,,,,,,,,,,,,,,,,,,,,,,,,,1.0,,,,,,,,,,,,,,,,,,,,,,,,,,,,,,,,,,,,,,,,,,,,,,,,,,,,,,,,,,,,,,,,,,,,,,,,,,,,,,,,,,,,,,,,,,,,,,,,,,,,,,,,
520369811,,95.0,,,,,54.0,13.0,386.0,,60.0,3.0,,308.0,,,,,,,290.0,,,,,,,,,204.0,,,,,,,,,,,,,,,,,,,,,,,,,,,,,,,,,,,,,,,,,,,,,,7.0,,,,,,,,,,,,,,,,,,,,,,,,,,,,,,,,,,,,,,,,,,,,,,,,,,,,,,,,,,
13276953,21.0,17.0,,,,38.0,5.0,,26.0,,,,,,,,,,,,,,,,,,,,,,,,,,,,,,,,,,,,,,,,,16.0,,,,,,,,,,34.0,11.0,5.0,7.0,,,,,,,,,,,,,,,,,,,,,,,,,,,,,,,,,,,,,,,,,,,,,,,,,,,,,,,,,,,,,,,,,,,,,,,
11781307,,62.0,,,,,51.0,7.0,4.0,,,,,13.0,,,,,,,14.0,,,,,,,,,6.0,36.0,,,,,,,,,,,,,,,,,,,,8.0,,,,,,,,,,,,,,,,,,,,,,,,,,,,,,,,,,,,,,,,,,,,,,,,,,,,,,,,,,,,,,,,,,,,,,,,,,,,,,,,,,,
13040524,,59.0,,,,,75.0,,,12.0,,,,,,,,,,,84.0,,,,,,,,,67.0,104.0,55.0,3.0,,,,,,,,,,,,,,,,,,,,,,,,,,,,,,,,,,,,,,,,,,,,,,,,,,,,,,,,,,,,,,,,,,,,,,,,,,,,,,,,,,,,,,,,,,,,,,,,,,,,,
12367212,,202.0,,,,,89.0,,,,,,,,,,,,,,101.0,,,,,,,,,147.0,55.0,9.0,7.0,,,,,,,,,,,,,,,,,,,,,,,,,,,,,,,,,,,,,,,,,,,,,,,,,,,,,,,,,,,,,,,,,,,,,,,,,,,,,,,,,,,,,,,,,,,,,,,,,,,,,
1040924488,3.0,,,,,,1.0,,,,,,,,,,,,,,,,,,,,,,,,,,,,,,,,,,,,,,,,,,,,,,,,,,,,,,,,,,,,,,,,,,,,1.0,,,,,,,,,,,,,2.0,,,,,,,,,,,,,,,,,,,,,,,,,,,,,,,,,,,,,,,,,,,,,,
20071572,3.0,1.0,,,,,,,1.0,,,,,,,,,,,,,,1.0,,,,,,,,,,,,,,,,,,,,,,,,,,,,,,,,,,,,,,,,,,,,,,2.0,,,,,,,,,,,,,,,,,,,,,,,,,,,,1.0,,,,,,,,,,,,,,,,,,,,,,,,,,,,,,,,,,,1.0,,
1259465101,,6.0,,,,,3.0,,3.0,,1.0,,,,,,,,,,2.0,,,,,,,,,3.0,,,,,,,,,,,,,,,,,,,,,,,,,,,,,,,,,,,,,,,,,,,,,,2.0,,,,,,,,,,,,,,,,,,,,,,,,,,,,,,,,,,,,,,,,,,,,,,,,,,,,,,,,,,
16772992,6.0,,,,,,3.0,,,,,,,,,,,,,,,,,,,,,,,,,,,,,,,,,,,,,,,,,,,,,,,,,,,,,,,,,,,,,1.0,,,,,,,,,,,,,,,,,,,,,,,,,,,,,,,,,,,,,,,,,,,,6.0,,,,,,,,,,,,,,,,,,,,,,
19882124,,,,,,,,,,,,,,,,,,,,,,,,,,,,,,,,,,,,,1.0,,,,,,,,,,,,,,,,,,,,,,,,,,,,,,,,,,,,,,,,,,,,,,,,,,,,,,,,,,,,,,,,,,,,,,,,,,,,,,,,,,,,,,,,,,,,,,,,,
38414793,,,,,,1.0,,,,,,,,,,,,,,,,,,,,,,,,,,,,,,,,,,,,,,,,,,,,,,,,,,,,,,,,,,,,,,,,,,,,,,,,,,,,,,,,,,,,,,,,,,,,,,,,,,,,,,,,,,,,,,,,,,,,,,,,,,,,,,,,
17041479,,1.0,,,,,1.0,,,,,,,1.0,,,,,,,1.0,,,,,,,,,,,,,,,,,,,,,,,,,,,,,,1.0,,,,,,,,,,,,,,,,,,,,,,,,,,,,,,,,,,,,,,,,,,,,,,,,,,,,,,,,,,,,,,,,,,,,,,,,,,,,,,,,,,,
1748213172,,2.0,,,,6.0,1.0,,,,,,,,,,,,,,,,,,,,,,,,,,2.0,,,,,,,,,,,,,,,2.0,,,1.0,,,,,,,,,,,,,,,,,,,,,,,,,,4.0,,,,,,,,,,,,,,,,,,,,,,,,,,,,,,,,,,,,,,,,,,,,,,,,,,,,,,,,,
1946795533,5.0,,,,5.0,,9.0,,,,,,,,,,,,,,,,,,,,,,,,,,,,,,,,,,,,,,,,,,,,,,,,,,,,,,,,,,,,2.0,,2.0,,,,,,,,,,,,,,,,,,,2.0,,,,,,,,,,,,,,,,,,,,,,,,,,,,,,,,,,,,,,,,,,,,,,
1188799829,,,,,,,,,,,,,,,,,,,,,,,,,,,,,1.0,,,,,,,,,,,,,,,,,,,,,,,,,,,,,,,,,,,,,,,,,,,,,,,,,,,,,,,,,,,,,,,,,,,,,,,,,,,,,,,,,,,,,,,,,,,,,,,,,,,,,,,,,
38590206,,1.0,,,,,,,5.0,,,,,7.0,,,,,,,2.0,,,,,,,,,2.0,2.0,,,,,,,,,,,,,,,,,,,,1.0,,,,,,,,,,,,,,,,,,,,,,,,,,,,,,,,,,,,,,,,,,,,,,,,,,,,,,,,,,,,,,,,,,,,,,,,,,,,,,,,,,,
31149186,,1.0,,,,,,,,,,,,,,,,,,,2.0,,,,,,,,,,,,,,,,,,,,,,,,,,,,,,,,,,,,,,,,,,,,,,,,,,,,,,,,,,,,,,,,,,,,,,,,,,,,,,,,,,,,,,,,,,,,,,,,,,,,,,,,,,,,,,,,,
